Company ID,Company Name,Name Source,Website URL,Career URL,LinkedIn URL,Email,Location,Tech Stack,Employee Count Hint,AIUB/Total Hint,Status/Research Hint,Notes,Additional Websites,Additional Career URLs,Additional LinkedIn URLs,Additional Emails,Corporate Domains,Source Rows,Source Row Count,Needs Manual Review,Review Reasons,Needs Enrichment,Enrichment Reasons,Active,Recommended Action
C0956,2pi BD,domain_inferred,,https://2pi-bd.com/career.php#,,,,php,,,,Tech Stack: PHP may be | Is Applied: yes,,,,,2pi-bd.com,1141,1,NO,,YES,Company name inferred from domain/LinkedIn/email,YES,MONITOR_READY
C0378,3 Devs,domain_inferred,,https://www.3-devs.com/vacancy,,,,php,,,,Openning: php dev,,,,,3-devs.com,485,1,NO,,YES,Company name inferred from domain/LinkedIn/email,YES,MONITOR_READY
C0516,360dsoul,domain_inferred,,https://360dsoul.com/career,https://www.linkedin.com/company/360dsoul/,,mirpur,,5.0,,planning,Tech Stack: junior full stack backend | Openning: mirpur | Years of Exp want: 5 emp | Is Applied: planning | Location: https://www.linkedin.com/company/360dsoul/,,,,,360dsoul.com,643,1,NO,,YES,Company name inferred from domain/LinkedIn/email,YES,MONITOR_READY
C0967,3ssoftltd,domain_inferred,https://3ssoftltd.com/,,,info@3ssoftltd.com,,,,,,Is Applied: mail address not found | Location: https://3ssoftltd.com/,,,,,3ssoftltd.com,1158,1,NO,,YES,Company name inferred from domain/LinkedIn/email,YES,FIND_CAREER_PAGE
C0691,4sightech,domain_inferred,https://4sightech.net/,,https://www.linkedin.com/company/4-sight-technology/,,,,8.0,,,Tech Stack: https://4sightech.net/ | Specialization They Need: 8 emp,,,,,4sightech.net,835,1,NO,,YES,Company name inferred from domain/LinkedIn/email,YES,FIND_CAREER_PAGE
C0512,64 page,explicit,,,,,,,,,,,,,,,,638,1,YES,Source review: note_or_manual_review,YES,Missing company/career website,YES,MANUAL_REVIEW
C0799,6amtech,domain_inferred,,https://6amtech.com/career/,,,mirpur,"flutter, qa",,,must try,Tech Stack: Flutter /QA Mirpur | Openning: must try | Comment: Flutter /QA,,,,,6amtech.com,951,1,NO,,YES,Company name inferred from domain/LinkedIn/email,YES,MONITOR_READY
C0244,6sensehq,domain_inferred,,https://www.6sensehq.com/career,,,,,,,,,,,,,6sensehq.com,344,1,NO,,YES,Company name inferred from domain/LinkedIn/email,YES,MONITOR_READY
C0841,Aamar,domain_inferred,https://aamar.digital/contact-us/,,,,,,,,,Openning: loading was so cool,,,,,aamar.digital,1003,1,NO,,YES,Company name inferred from domain/LinkedIn/email,YES,FIND_CAREER_PAGE
C0268,Aamarpay,domain_inferred,https://career.aamarpay.com/,,,,,,,,,,,,,,aamarpay.com,369,1,NO,,YES,Company name inferred from domain/LinkedIn/email,YES,FIND_CAREER_PAGE
C0959,Aan Nahl,domain_inferred,,https://aan-nahl.com/career/,,,,,,,,Is Applied: yes,,,,,aan-nahl.com,1145,1,NO,,YES,Company name inferred from domain/LinkedIn/email,YES,MONITOR_READY
C0694,Abelling,domain_inferred,https://abelling.ai/,,https://www.linkedin.com/company/abelling/,,,ai,8.0,,,Tech Stack: https://abelling.ai/ | Specialization They Need: 8 emp,,,,,abelling.ai,838,1,NO,,YES,Company name inferred from domain/LinkedIn/email,YES,FIND_CAREER_PAGE
C0707,Abg Pocket,linkedin_inferred,,,https://www.linkedin.com/company/abg-pocket/,,,,3.0,,,Specialization They Need: 3 emp,,,,,,851,1,NO,,YES,Company name inferred from domain/LinkedIn/email; Missing company/career website,YES,ENRICH_FROM_LINKEDIN
C0232,Accordhrm,linkedin_inferred,,,https://www.linkedin.com/company/accordhrm/,,,,,,,,,,,,,332,1,NO,,YES,Company name inferred from domain/LinkedIn/email; Missing company/career website,YES,ENRICH_FROM_LINKEDIN
C0295,Acmeai,domain_inferred,,https://www.acmeai.tech/career,,,,,,,,,,,,,acmeai.tech,398,1,NO,,YES,Company name inferred from domain/LinkedIn/email,YES,MONITOR_READY
C0642,Acotegroup,domain_inferred,,https://www.acotegroup.com/careers,https://www.linkedin.com/company/acotegroup/,,,,,6/82,,Specialization They Need: 6 of 82 | Location: https://www.acotegroup.com/careers,,,,,acotegroup.com,784,1,NO,,YES,Company name inferred from domain/LinkedIn/email,YES,MONITOR_READY
C0849,Activext,domain_inferred,https://www.activext.io/,,https://www.linkedin.com/company/activext/,,,,,,,Openning: minimalist and so cool | Location: https://www.linkedin.com/company/activext/,,,,,activext.io,1011,1,NO,,YES,Company name inferred from domain/LinkedIn/email,YES,FIND_CAREER_PAGE
C0656,Addie Soft Ltd,linkedin_inferred,,,https://www.linkedin.com/company/addie-soft-ltd/,,,,,2/65,,Specialization They Need: 2 out of 65,,,,,,798,1,NO,,YES,Company name inferred from domain/LinkedIn/email; Missing company/career website,YES,ENRICH_FROM_LINKEDIN
C0671,Adn Telecom Limited,linkedin_inferred,,,https://www.linkedin.com/company/adn-telecom-limited/,,,,,10/197,,Specialization They Need: 10 of 197,,,,,,813,1,NO,,YES,Company name inferred from domain/LinkedIn/email; Missing company/career website,YES,ENRICH_FROM_LINKEDIN
C0903,Adndiginet,domain_inferred,,https://adndiginet.com/career,,,,"data engineer, data science, python",,,,"Tech Stack: python, data science, data engineer",,,,,adndiginet.com,1077,1,NO,,YES,Company name inferred from domain/LinkedIn/email,YES,MONITOR_READY
C0981,Adntechnologies,domain_inferred,https://www.adntechnologies.net/#/career,,,,,,,,planning,Is Applied: planning,,,,,adntechnologies.net,1172,1,NO,,YES,Company name inferred from domain/LinkedIn/email,YES,FIND_CAREER_PAGE
C0838,Adplaytechnology,domain_inferred,https://adplaytechnology.com/contact.html,,,,,,,,,Openning: cool loading is nice,,,,,adplaytechnology.com,998,1,NO,,YES,Company name inferred from domain/LinkedIn/email,YES,FIND_CAREER_PAGE
C0084,Adventure Dhaka Limited,explicit,https://adventurekk.com,,,,dhaka,,,,,,,,,,adventurekk.com,115,1,NO,,NO,,YES,FIND_CAREER_PAGE
C0396,Adventuresoft,domain_inferred,https://www.adventuresoft.com.bd/,,,,,,,,"hiring, no hiring",Tech Stack: no hiring,,,,,adventuresoft.com.bd,505,1,NO,,YES,Company name inferred from domain/LinkedIn/email,YES,FIND_CAREER_PAGE
C0470,Ael BD,linkedin_inferred,,,https://www.linkedin.com/company/ael-bd/,,,,,,,,,,,,,594,1,NO,,YES,Company name inferred from domain/LinkedIn/email; Missing company/career website,YES,ENRICH_FROM_LINKEDIN
C0625,Aestheticeurasia,domain_inferred,https://www.aestheticeurasia.com/,,https://www.linkedin.com/company/aesthetic-eurasia-ltd/?originalSubdomain=bd,,,,,1/23,,Tech Stack: https://www.aestheticeurasia.com/ | Openning: 1 of 23 (Senior HR),,,,,aestheticeurasia.com,765,1,NO,,YES,Company name inferred from domain/LinkedIn/email,YES,FIND_CAREER_PAGE
C0509,Againsoft,domain_inferred,,https://www.againsoft.com/career,,,,,,,planning,Is Applied: planning,,,,,againsoft.com,635,1,NO,,YES,Company name inferred from domain/LinkedIn/email,YES,MONITOR_READY
C0359,Agile Bytes,domain_inferred,https://agile-bytes.com/,,,,,,,,,,,,,,agile-bytes.com,466,1,NO,,YES,Company name inferred from domain/LinkedIn/email,YES,FIND_CAREER_PAGE
C0290,Ahsantechnologies,domain_inferred,,https://ahsantechnologies.com/career.html,,,,,,,,Openning: no backend found,,,,,ahsantechnologies.com,393,1,NO,,YES,Company name inferred from domain/LinkedIn/email,YES,MONITOR_READY
C0914,Aiprojukti,domain_inferred,,https://www.aiprojukti.com/career,,,,"ai, cyber",,,,"Openning: ai, cyber",,,,,aiprojukti.com,1090,1,NO,,YES,Company name inferred from domain/LinkedIn/email,YES,MONITOR_READY
C0184,AjkerDeal,explicit,https://ajkerdeal.com,,,,,,,,,,,,,,ajkerdeal.com,258,1,NO,,NO,,YES,FIND_CAREER_PAGE
C0093,Akijibos,domain_inferred,https://akijibos.com,,https://www.linkedin.com/company/akijonline/people/?viewAsMember=true,,,,,,,Location: https://www.linkedin.com/company/akijonline/people/?viewAsMember=true,,,,,akijibos.com,124,1,NO,,YES,Company name inferred from domain/LinkedIn/email,YES,FIND_CAREER_PAGE
C0136,Alchemy Software,explicit,https://alchemy-bd.com/,https://alchemy-bd.com/career/,,,,,,,,Comment: not good site,,,,,alchemy-bd.com,185; 418; 1289,3,YES,Source review: name_only_no_url_email,NO,,YES,MANUAL_REVIEW
C0521,Aljaami,domain_inferred,,https://www.aljaami.com.bd/careers,,,khulna,,,,,Tech Stack: kushtia khulna,,,,,aljaami.com.bd,648,1,NO,,YES,Company name inferred from domain/LinkedIn/email,YES,MONITOR_READY
C0191,All Company,explicit,https://basis.org.bd/member-list,,,,,,,,,"Location: https://basis.org.bd/member-list || Openning: DMT || Tech Stack: networking, computing, storage, power, cooling, security etc | Years of Exp want: AIUB | Location: blue solution",https://basis.org.bd/company-profile/22-10-038; https://basis.org.bd/company-profile/22-11-032,,,,basis.org.bd,288; 358; 373,3,NO,,NO,,YES,FIND_CAREER_PAGE
C0977,Alpha,domain_inferred,,https://www.alpha.net.bd/careers/,,,,"flutter, python",,,,"Tech Stack: frontend, flutter, python | Specialization They Need: bogura, dhk",,,,,alpha.net.bd,1168,1,NO,,YES,Company name inferred from domain/LinkedIn/email,YES,MONITOR_READY
C0250,Alphabytetech,domain_inferred,https://www.alphabytetech.com/alphabyte_team.php,,,,uttara,php,,,,Openning: uttara | Specialization They Need: need to contact HR,,,,,alphabytetech.com,350,1,NO,,YES,Company name inferred from domain/LinkedIn/email,YES,FIND_CAREER_PAGE
C0556,Altersense Limited,linkedin_inferred,,,https://www.linkedin.com/company/altersense-limited/?originalSubdomain=bd,,,,,2/36,,Openning: 2 of 36,,,,,,683,1,NO,,YES,Company name inferred from domain/LinkedIn/email; Missing company/career website,YES,ENRICH_FROM_LINKEDIN
C0121,AmarStock,explicit,,,,,,,,,,,,,,,,159,1,YES,Source review: name_only_no_url_email,YES,Missing company/career website,YES,MANUAL_REVIEW
C0217,Amazeventure,domain_inferred,https://amazeventure.net,,,,,,,,,,,,,,amazeventure.net,317,1,NO,,YES,Company name inferred from domain/LinkedIn/email,YES,FIND_CAREER_PAGE
C0994,Amazingsoftbd,domain_inferred,https://www.amazingsoftbd.com/,,,,,,,,"hiring, no hiring, no hiring page",Tech Stack: no hiring page found,,,,,amazingsoftbd.com,1195,1,NO,,YES,Company name inferred from domain/LinkedIn/email,YES,FIND_CAREER_PAGE
C1016,Ambalait,domain_inferred,,https://ambalait.com/career,,,,,,,no opening,Openning: no opening rn,,,,,ambalait.com,1224,1,NO,,YES,Company name inferred from domain/LinkedIn/email,YES,MONITOR_READY
C0890,Ambersoftwaresolutions,domain_inferred,https://www.ambersoftwaresolutions.com/technology.html,,,,,,,,,Openning: asp.net,,,,,ambersoftwaresolutions.com,1061,1,NO,,YES,Company name inferred from domain/LinkedIn/email,YES,FIND_CAREER_PAGE
C0879,Americanbestit,domain_inferred,,https://www.americanbestit.com/about-us/careers,,,,php,,,,Openning: php,,,,,americanbestit.com,1049,1,NO,,YES,Company name inferred from domain/LinkedIn/email,YES,MONITOR_READY
C0438,Amz Solutions,domain_inferred,https://www.amz-solutions.com/,,https://www.linkedin.com/company/amz-solutions-limited/jobs/,,,,,,,Tech Stack: https://www.amz-solutions.com/,,,,,amz-solutions.com,553,1,NO,,YES,Company name inferred from domain/LinkedIn/email,YES,FIND_CAREER_PAGE
C0362,Analyzenbd,domain_inferred,,https://www.analyzenbd.com/career,,,,,,,,Tech Stack: shumit shaha sir,,,,,analyzenbd.com,469,1,NO,,YES,Company name inferred from domain/LinkedIn/email,YES,MONITOR_READY
C0637,Anchorblock,linkedin_inferred,,,https://www.linkedin.com/company/anchorblock/,,,,,1/8,,Specialization They Need: 1 of 8,,,,,,779,1,NO,,YES,Company name inferred from domain/LinkedIn/email; Missing company/career website,YES,ENRICH_FROM_LINKEDIN
C0010,Anchorblock Technology,explicit,https://anchorblock.ai/,,,,,ai,,,,,https://anchorblock.ai,,,,anchorblock.ai,26; 214,2,NO,,NO,,YES,FIND_CAREER_PAGE
C0586,Anirbansoft,linkedin_inferred,,,https://www.linkedin.com/company/anirbansoft/,,,,6.0,,,Openning: 6 emp,,,,,,713,1,NO,,YES,Company name inferred from domain/LinkedIn/email; Missing company/career website,YES,ENRICH_FROM_LINKEDIN
C1046,Anirbansoft,explicit,https://anirbansoft.com,,,,,,,,career not found,Comment: can not find urll || Comment: career not found,https://anirbansoft.com/,,,,anirbansoft.com,1292; 1309,2,YES,Multiple different explicit company names merged,NO,,YES,MANUAL_REVIEW
C0963,Annanovas,email_inferred,,,,jobs@annanovas.com,,,,,,Is Applied: virus issue,,,,,,1153,1,YES,Source review: contact_only,YES,Company name inferred from domain/LinkedIn/email; Missing company/career website,YES,MANUAL_REVIEW
C0641,Antopolis,linkedin_inferred,,,https://www.linkedin.com/company/antopolis/,,,,,1/28,,Specialization They Need: 1 of 28,,,,,,783,1,NO,,YES,Company name inferred from domain/LinkedIn/email; Missing company/career website,YES,ENRICH_FROM_LINKEDIN
C0915,Anwargroup,domain_inferred,,https://www.anwargroup.com/career.html,,,,java,,,,"Openning: java, frontend backend",,,,,anwargroup.com,1091,1,NO,,YES,Company name inferred from domain/LinkedIn/email,YES,MONITOR_READY
C0789,Anyconnect,domain_inferred,,https://anyconnect.com/careers,,,,,,,,Tech Stack: opportunity here | Openning: try,,,,,anyconnect.com,939,1,NO,,YES,Company name inferred from domain/LinkedIn/email,YES,MONITOR_READY
C0791,Aplicaro,domain_inferred,https://etrackersolution.aplicaro.com/,https://etrackersolution.com/career/#,,,,,,,,Tech Stack: https://etrackersolution.com/career/# | Specialization They Need: try,,,,,aplicaro.com; etrackersolution.com,941,1,YES,Multiple corporate domains; Source review: multiple_domains,YES,Company name inferred from domain/LinkedIn/email,YES,MANUAL_REVIEW
C0699,Appdevs,domain_inferred,https://appdevs.net/join-our-team,,https://www.linkedin.com/company/appdevs/?originalSubdomain=bd,career@appdevs.net,,,19.0,,planning,Tech Stack: https://www.linkedin.com/company/appdevs/?originalSubdomain=bd | Years of Exp want: 19 emp | Is Applied: planning | Location: https://appdevs.net/join-our-team,,,,,appdevs.net,843,1,NO,,YES,Company name inferred from domain/LinkedIn/email,YES,FIND_CAREER_PAGE
C0092,Appifylab,explicit,https://www.appifylab.com,,,,,,,,,,,,,,appifylab.com,123,1,NO,,NO,,YES,FIND_CAREER_PAGE
C0837,Appinionbd,domain_inferred,,https://www.appinionbd.com/career/life-at-appinion/,https://www.linkedin.com/company/appinionbdlimited/,,,,,2/30,,Openning: cool | Specialization They Need: 2 of 30 | Location: https://www.linkedin.com/company/appinionbdlimited/,,,,,appinionbd.com,997,1,NO,,YES,Company name inferred from domain/LinkedIn/email,YES,MONITOR_READY
C0788,Appnap,domain_inferred,,https://appnap.io/career,,career@appnap.io,,,,,must apply,Tech Stack: MUST APPLY | Openning: https://appnap.io/career | Specialization They Need: progoti sharani,,,,,appnap.io,938,1,NO,,YES,Company name inferred from domain/LinkedIn/email,YES,MONITOR_READY
C0034,Appscode,domain_inferred,https://appscode.com/,,,,,,,,,,,,,,appscode.com,50,1,NO,,YES,Company name inferred from domain/LinkedIn/email,YES,FIND_CAREER_PAGE
C0397,Apptimatic,linkedin_inferred,,,https://www.linkedin.com/company/apptimatic/,,,,,,,,,,,,,506,1,NO,,YES,Company name inferred from domain/LinkedIn/email; Missing company/career website,YES,ENRICH_FROM_LINKEDIN
C0774,Apptriangle,domain_inferred,,https://apptriangle.com/career/,,,,,,,hiring,Tech Stack: they are hiring,,,,,apptriangle.com,922,1,NO,,YES,Company name inferred from domain/LinkedIn/email,YES,MONITOR_READY
C0455,Aprosoft,email_inferred,,,,careers@aprosoft.com,,,,,planning,Is Applied: planning,,,,,,574,1,YES,Source review: contact_only,YES,Company name inferred from domain/LinkedIn/email; Missing company/career website,YES,MANUAL_REVIEW
C0757,Apsis BD,linkedin_inferred,,,https://www.linkedin.com/company/apsis-bd/?originalSubdomain=bd,,,,,,,,,,,,,902,1,NO,,YES,Company name inferred from domain/LinkedIn/email; Missing company/career website,YES,ENRICH_FROM_LINKEDIN
C0088,Apurba Technologies,explicit,http://apurba.com.bd,,,,,,,,,,,,,,apurba.com.bd,119,1,NO,,NO,,YES,FIND_CAREER_PAGE
C0430,Apurbatech,domain_inferred,https://www.apurbatech.com/ https://www.fuadrahman.me/,,,,,,,,,Tech Stack: https://www.fuadrahman.me/,,,,,apurbatech.com,544,1,YES,Source review: multiple_domains,YES,Company name inferred from domain/LinkedIn/email,YES,MANUAL_REVIEW
C0953,Aqualinkbangladesh,domain_inferred,,https://aqualinkbangladesh.com/career,,,,,,,,Is Applied: yes,,,,,aqualinkbangladesh.com,1138,1,NO,,YES,Company name inferred from domain/LinkedIn/email,YES,MONITOR_READY
C0685,Ara Technologies BD,linkedin_inferred,,,https://www.linkedin.com/company/ara-technologies-bd/,,,,,1/12,,Specialization They Need: 1 of 12,,,,,,829,1,NO,,YES,Company name inferred from domain/LinkedIn/email; Missing company/career website,YES,ENRICH_FROM_LINKEDIN
C0390,Arclitebd,domain_inferred,,https://www.arclitebd.com/career,,,,,,,,Tech Stack: game unity uiux,,,,,arclitebd.com,499,1,NO,,YES,Company name inferred from domain/LinkedIn/email,YES,MONITOR_READY
C0758,Ardites,linkedin_inferred,,,https://www.linkedin.com/company/ardites/?viewAsMember=true,,,,,,,,,,,,,903,1,NO,,YES,Company name inferred from domain/LinkedIn/email; Missing company/career website,YES,ENRICH_FROM_LINKEDIN
C0612,Arisaftech,domain_inferred,,https://arisaftech.com/careers,https://www.linkedin.com/company/arisaf-tech/,,,,,1/6,planning,Tech Stack: 1 of 6 (HR) | Is Applied: planning | Location: https://www.linkedin.com/company/arisaf-tech/,,,,,arisaftech.com,739,1,NO,,YES,Company name inferred from domain/LinkedIn/email,YES,MONITOR_READY
C1011,Arits,domain_inferred,,https://arits.tech/career,,,,,,,no opening,Openning: no opening rn,,,,,arits.tech,1217,1,NO,,YES,Company name inferred from domain/LinkedIn/email,YES,MONITOR_READY
C0376,arobil,explicit,,,,,,laravel,,,,Openning: laravel,,,,,,483,1,YES,Source review: name_only_no_url_email,YES,Missing company/career website,YES,MANUAL_REVIEW
C0197,aroggo,explicit,,https://www.arogga.com/jobs,,,,,,,,Tech Stack: https://www.arogga.com/jobs,,,,,arogga.com,294,1,NO,,NO,,YES,MONITOR_READY
C0884,Arrowlinksoft,domain_inferred,,https://www.arrowlinksoft.com/career,,,,php,,,,Tech Stack: php,,,,,arrowlinksoft.com,1054,1,NO,,YES,Company name inferred from domain/LinkedIn/email,YES,MONITOR_READY
C0805,Asdbd,domain_inferred,,https://asdbd.com/career/,,,,,,,,,,,,,asdbd.com,958,1,NO,,YES,Company name inferred from domain/LinkedIn/email,YES,MONITOR_READY
C0517,Ashitsolution,domain_inferred,,https://www.ashitsolution.net/career,,,,python,,,,Tech Stack: python back end contract,,,,,ashitsolution.net,644,1,NO,,YES,Company name inferred from domain/LinkedIn/email,YES,MONITOR_READY
C0255,Asia,domain_inferred,https://asia.agency/resources/,,,,,,,,,,,,,,asia.agency,355,1,NO,,YES,Company name inferred from domain/LinkedIn/email,YES,FIND_CAREER_PAGE
C0851,Asl,domain_inferred,,https://www.asl.aero/careers,,,,django,,,promising,Tech Stack: django | Openning: promising,,,,,asl.aero,1014,1,NO,,YES,Company name inferred from domain/LinkedIn/email,YES,MONITOR_READY
C0864,Aspiretss,domain_inferred,https://aspiretss.com/,,,,,"cyber, cyber security",,,,"Tech Stack: cyber security, WEB",,,,,aspiretss.com,1029,1,NO,,YES,Company name inferred from domain/LinkedIn/email,YES,FIND_CAREER_PAGE
C0916,Astgd,domain_inferred,,https://astgd.com/careers,,,,dot net,,,,Tech Stack: dot net .. Nice Site,,,,,astgd.com,1092,1,NO,,YES,Company name inferred from domain/LinkedIn/email,YES,MONITOR_READY
C0112,Astha IT,explicit,https://www.asthait.com,https://ait.inc/career/,,jobs@asthait.com,,,,,planning,Is Applied: planning | Location: https://ait.inc/career/,,,,,asthait.com; ait.inc,146; 575,2,YES,Multiple corporate domains,NO,,YES,MANUAL_REVIEW
C0736,Astil,linkedin_inferred,,,https://www.linkedin.com/company/astil/?originalSubdomain=bd,,,,1.0,,,Specialization They Need: 1 emp,,,,,,880,1,NO,,YES,Company name inferred from domain/LinkedIn/email; Missing company/career website,YES,ENRICH_FROM_LINKEDIN
C0931,Astiltd,domain_inferred,,https://www.astiltd.com/careers.php,,,,php,,,,Openning: DMT | Is Applied: yes | Re Apply Count: 22 Jun-e,,,,,astiltd.com,1115,1,NO,,YES,Company name inferred from domain/LinkedIn/email,YES,MONITOR_READY
C0083,ATI Limited,explicit,https://atilimited.net,https://www.atilimited.net/career,,,uttara,,,,,Tech Stack: Uttara,,,,,atilimited.net,114; 308,2,NO,,NO,,YES,MONITOR_READY
C1027,Att BD,domain_inferred,http://att-bd.com/,,,,,,,,"hiring, no hiring, no hiring page",Tech Stack: no hiring page found,,,,,att-bd.com,1236,1,NO,,YES,Company name inferred from domain/LinkedIn/email,YES,FIND_CAREER_PAGE
C0607,Attrabit,domain_inferred,,https://www.attrabit.net/recruitment,https://www.linkedin.com/company/attrabit-ict-solution/,,,,3.0,,,Openning: hire backend | Specialization They Need: 3 emp | Location: https://www.linkedin.com/company/attrabit-ict-solution/,,,,,attrabit.net,734,1,NO,,YES,Company name inferred from domain/LinkedIn/email,YES,MONITOR_READY
C0380,Audacityventures,domain_inferred,,https://audacityventures.ca/careers,,,,go,,,,Openning: go,,,,,audacityventures.ca,487,1,NO,,YES,Company name inferred from domain/LinkedIn/email,YES,MONITOR_READY
C0002,authLab,explicit,https://authlab.io/,https://authlab.io/jobs/,,,sylet,,,,outdated,Years of Exp want: 4 years senior soft eng | Comment: Sylet outdated,,,,,authlab.io,10; 184,2,YES,Source review: name_only_no_url_email,NO,,YES,MANUAL_REVIEW
C0738,Autofysolutions,linkedin_inferred,,,https://www.linkedin.com/company/autofysolutions/?originalSubdomain=bd,,,,6.0,,,Specialization They Need: 6 emp,,,,,,883,1,NO,,YES,Company name inferred from domain/LinkedIn/email; Missing company/career website,YES,ENRICH_FROM_LINKEDIN
C1045,Avenir IP Limited,explicit,https://avenirip.com/,,,,,,,,,Is Applied: -----,,,,,avenirip.com,1277,1,NO,,NO,,YES,FIND_CAREER_PAGE
C1035,Avianbpo,domain_inferred,https://avianbpo.com/,,,,,,,,,,,,,,avianbpo.com,1246,1,NO,,YES,Company name inferred from domain/LinkedIn/email,YES,FIND_CAREER_PAGE
C0647,Axentecplc,linkedin_inferred,,,https://www.linkedin.com/company/axentecplc/?originalSubdomain=bd,,,,,13/112,,Specialization They Need: 13 of 112,,,,,,789,1,NO,,YES,Company name inferred from domain/LinkedIn/email; Missing company/career website,YES,ENRICH_FROM_LINKEDIN
C0810,Axilweb,domain_inferred,https://jobs.axilweb.com/,,,,,,,2/36,,Openning: cool | Specialization They Need: 2 of 36,,,,,axilweb.com,966,1,NO,,YES,Company name inferred from domain/LinkedIn/email,YES,FIND_CAREER_PAGE
C0420,Ayaantec,domain_inferred,https://www.ayaantec.com/#career,,https://www.linkedin.com/company/ayaan-tech-limited/,,,php,5.0,,,Tech Stack: https://www.ayaantec.com/#career | Specialization They Need: 5 emp | Years of Exp want: php,,,,,ayaantec.com,533,1,NO,,YES,Company name inferred from domain/LinkedIn/email,YES,FIND_CAREER_PAGE
C0003,Azim & Son,explicit,https://azimandson.com/,,,,,,,,not working,Comment: not working,,,,,azimandson.com,11,1,NO,,NO,,YES,FIND_CAREER_PAGE
C0434,Azolution,linkedin_inferred,,,https://www.linkedin.com/company/azolution/?originalSubdomain=bd,,,,,,,,,,,,,549,1,NO,,YES,Company name inferred from domain/LinkedIn/email; Missing company/career website,YES,ENRICH_FROM_LINKEDIN
C0881,Bacbonltd,domain_inferred,,https://www.bacbonltd.com/career.php,,,,php,,,promising,Openning: php | Specialization They Need: promising,,,,,bacbonltd.com,1051,1,NO,,YES,Company name inferred from domain/LinkedIn/email,YES,MONITOR_READY
C0115,Bagdoom,explicit,,,,,,,,,,,,,,,,153,1,YES,Source review: name_only_no_url_email,YES,Missing company/career website,YES,MANUAL_REVIEW
C0928,Baitsbd,domain_inferred,,https://www.baitsbd.com/career,,,pallabi,,,,,Tech Stack: pallabi | Is Applied: yes,,,,,baitsbd.com,1112,1,NO,,YES,Company name inferred from domain/LinkedIn/email,YES,MONITOR_READY
C0429,Banglafire,domain_inferred,https://banglafire.com/,,https://www.linkedin.com/company/banglafire-solution-limited/,,,,,1/20,,Specialization They Need: 1 of 20 | Location: https://www.linkedin.com/company/banglafire-solution-limited/,,,,,banglafire.com,543; 1001,2,NO,,YES,Company name inferred from domain/LinkedIn/email,YES,FIND_CAREER_PAGE
C0129,Base IT Solutions,explicit,,,,,,,,,,,,,,,,167,1,YES,Source review: name_only_no_url_email,YES,Missing company/career website,YES,MANUAL_REVIEW
C0152,Battery Low Interactive,explicit,https://batterylowinteractive.com,,,,,,,,,Is Applied: yes | Re Apply Count: 29 Apr | Comment: Good,https://batterylowinteractive.com/,,,,batterylowinteractive.com,206; 1104,2,NO,,NO,,YES,FIND_CAREER_PAGE
C0170,BCI Technosys,explicit,https://bcitechnosys.com,,,,,,,,not loading,Comment: can not find urll || Comment: site is not loading,https://bcitechnosys.com/,,,,bcitechnosys.com,234; 1271,2,NO,,NO,,YES,FIND_CAREER_PAGE
C0491,bcommerce,explicit,https://bcommerce.io/,,,,,,,,,Location: https://bcommerce.io/,,,,,bcommerce.io,617,1,NO,,NO,,YES,FIND_CAREER_PAGE
C0608,Bdmicrosolutions,domain_inferred,,https://www.bdmicrosolutions.net/career,https://www.linkedin.com/company/bdmicrosolutions/,,,c#,,,,Tech Stack: https://www.bdmicrosolutions.net/career | Specialization They Need: c# mvc dev,,,,,bdmicrosolutions.net,735,1,NO,,YES,Company name inferred from domain/LinkedIn/email,YES,MONITOR_READY
C0073,BDTask,explicit,https://www.bdtask.com/,https://www.bdtask.com/career.php,,,,"php; django, php, python, react; django, php",,,,"Tech Stack: python django react || Tech Stack: php, django",,,,,bdtask.com,94; 186; 1027; 1045,4,YES,Source review: name_only_no_url_email,NO,,YES,MANUAL_REVIEW
C0808,Bdtradeinfo,domain_inferred,https://www.bdtradeinfo.com/,,,,,,,,interesting,Tech Stack: Interesting Site,,,,,bdtradeinfo.com,964,1,NO,,YES,Company name inferred from domain/LinkedIn/email,YES,FIND_CAREER_PAGE
C0304,Beatniktechnology,domain_inferred,https://beatniktechnology.com/,,,,mohakhali,,,,,Tech Stack: chatbot technical architect role .. odvut | Specialization They Need: mohakhali,,,,,beatniktechnology.com,407,1,NO,,YES,Company name inferred from domain/LinkedIn/email,YES,FIND_CAREER_PAGE
C0638,Bedatasolutions,domain_inferred,https://bedatasolutions.com/,,https://www.linkedin.com/company/be-data-solutions/,,,,,2/22,,Tech Stack: https://bedatasolutions.com/ | Specialization They Need: 2 of 22,,,,,bedatasolutions.com,780,1,NO,,YES,Company name inferred from domain/LinkedIn/email,YES,FIND_CAREER_PAGE
C0749,Benchmark Software Bangladesh Ltd,linkedin_inferred,,,https://www.linkedin.com/company/benchmark-software-bangladesh-ltd/,,,java,,,,Specialization They Need: java,,,,,,894,1,NO,,YES,Company name inferred from domain/LinkedIn/email; Missing company/career website,YES,ENRICH_FROM_LINKEDIN
C0259,Bengalbyte,domain_inferred,,https://bengalbyte.ai/career,,,,ai,,,,,,,,,bengalbyte.ai,360,1,NO,,YES,Company name inferred from domain/LinkedIn/email,YES,MONITOR_READY
C0410,Bengalsoftware,linkedin_inferred,,,https://www.linkedin.com/company/bengalsoftware/?originalSubdomain=bd,,,,,1/12,,Years of Exp want: 1 of 12,,,,,,522,1,NO,,YES,Company name inferred from domain/LinkedIn/email; Missing company/career website,YES,ENRICH_FROM_LINKEDIN
C0624,Betafore,domain_inferred,https://betafore.com/,,https://www.linkedin.com/company/betaforeofficial/,,,,,1/31,,Tech Stack: https://betafore.com/ | Openning: 1 of 31 (CEO),,,,,betafore.com,763,1,NO,,YES,Company name inferred from domain/LinkedIn/email,YES,FIND_CAREER_PAGE
C0095,Beyond Bracket Ltd,explicit,https://beyondbracket.com,https://beyondbracket.com/category/career/,https://www.linkedin.com/company/beyondbracket/,,,,,1/10,,Tech Stack: https://beyondbracket.com/category/career/ | Specialization They Need: 1 of 10,,,,,beyondbracket.com,126; 777,2,NO,,NO,,YES,MONITOR_READY
C0446,Bg Interactive Limited,linkedin_inferred,,,https://www.linkedin.com/company/bg-interactive-limited/?originalSubdomain=bd,,,cyber,,,,Tech Stack: cyber | Openning: cool,,,,,,562,1,NO,,YES,Company name inferred from domain/LinkedIn/email; Missing company/career website,YES,ENRICH_FROM_LINKEDIN
C0072,Biddaan,explicit,https://biddaan.com/,,,,,,,,,,https://biddaan.com,,,,biddaan.com,93; 1269,2,NO,,NO,,YES,FIND_CAREER_PAGE
C0870,Binaryquest,linkedin_inferred,,,https://www.linkedin.com/company/binaryquest/,,malibag,dot net,,,,Tech Stack: dot net | Openning: malibag,,,,,,1036,1,NO,,YES,Company name inferred from domain/LinkedIn/email; Missing company/career website,YES,ENRICH_FROM_LINKEDIN
C0085,Binate Solutions,explicit,https://www.binate-solutions.com,,,,,,,,,,,,,,binate-solutions.com,116,1,NO,,NO,,YES,FIND_CAREER_PAGE
C0602,Biposervice,domain_inferred,,https://www.biposervice.com/company/careers-at-bipo/,https://www.linkedin.com/company/bipo-svc/,,,,,1/13,,Tech Stack: singapore based | Specialization They Need: 1 of 13 | Location: https://www.biposervice.com/company/careers-at-bipo/,,,,,biposervice.com,729,1,NO,,YES,Company name inferred from domain/LinkedIn/email,YES,MONITOR_READY
C0759,Birdsofeden,domain_inferred,,https://www.birdsofeden.me/career,,,,,,,,,,,,,birdsofeden.me,904,1,NO,,YES,Company name inferred from domain/LinkedIn/email,YES,MONITOR_READY
C0920,Bit Mascot,explicit,https://www.bitmascot.com/,,,career@bitmascot.com,,,,,hiring,Is Applied: yes | Comment: they are hiring | mail to: career@bitmascot.com || Is Applied: yes | Re Apply Count: 29 Apr,https://www.bitmascot.com,,,,bitmascot.com,1101; 1107,2,YES,Multiple different explicit company names merged,NO,,YES,MANUAL_REVIEW
C0533,Bitbytetechnology,domain_inferred,https://bitbytetechnology.com/,,https://www.linkedin.com/company/bit-byte-technology/,,,,,1/17,,Openning: 1 of 17 (full stack dev) | Location: https://bitbytetechnology.com,https://bitbytetechnology.com,,,,bitbytetechnology.com,660; 764,2,NO,,YES,Company name inferred from domain/LinkedIn/email,YES,FIND_CAREER_PAGE
C0902,Bitsmedia,domain_inferred,,https://bitsmedia.com/career/,,,,,,,,Tech Stack: muslim pro app,,,,,bitsmedia.com,1076,1,NO,,YES,Company name inferred from domain/LinkedIn/email,YES,MONITOR_READY
C0779,Biz Motion,domain_inferred,,https://www.biz-motion.com/careers,,,,,,,,Tech Stack: try,,,,,biz-motion.com,929,1,NO,,YES,Company name inferred from domain/LinkedIn/email,YES,MONITOR_READY
C0248,Bizcope,domain_inferred,https://career.bizcope.com/open-positions/,,,,,,,,,,,,,,bizcope.com,348,1,NO,,YES,Company name inferred from domain/LinkedIn/email,YES,FIND_CAREER_PAGE
C0913,Biznovelty,domain_inferred,,https://biznovelty.com/career,,,,,,,,Openning: WI,,,,,biznovelty.com,1089,1,NO,,YES,Company name inferred from domain/LinkedIn/email,YES,MONITOR_READY
C0049,BJIT Group,explicit,https://bjitgroup.com/,,,,,,,,,,https://bjitgroup.com,,,,bjitgroup.com,65; 264,2,NO,,NO,,YES,FIND_CAREER_PAGE
C0177,bKash,explicit,https://www.bkash.com,,,,,,,,,,,,,,bkash.com,250,1,NO,,NO,,YES,FIND_CAREER_PAGE
C0820,Blocknots,domain_inferred,https://blocknots.com/ https://blocknots.com/team?page=1,,,,,cyber,,,,Tech Stack: Super cool website | Openning: https://blocknots.com/team?page=1 | Location: cyber,,,,,blocknots.com,977,1,NO,,YES,Company name inferred from domain/LinkedIn/email,YES,FIND_CAREER_PAGE
C0086,BlueBees Limited,explicit,https://bluebees.ventures,,,,,,,,,,,,,,bluebees.ventures,117,1,NO,,NO,,YES,FIND_CAREER_PAGE
C0925,Bluedot,domain_inferred,,https://bluedot.ltd/jobs,,,,,,,,Is Applied: yes,,,,,bluedot.ltd,1109,1,NO,,YES,Company name inferred from domain/LinkedIn/email,YES,MONITOR_READY
C0226,Blueoceanstech,domain_inferred,,https://www.blueoceanstech.com/pages/careers.php,,,,php,,,,,,,,,blueoceanstech.com,326,1,NO,,YES,Company name inferred from domain/LinkedIn/email,YES,MONITOR_READY
C0294,Bluepill,email_inferred,,,,career@bluepill.com.bd,,,,,,Tech Stack: AKIJ,,,,,,397,1,YES,Source review: contact_only,YES,Company name inferred from domain/LinkedIn/email; Missing company/career website,YES,MANUAL_REVIEW
C0860,Bmit,domain_inferred,,https://bmit.com.bd/career,,,,cyber,,,,Tech Stack: cyber secuirity,,,,,bmit.com.bd,1023,1,NO,,YES,Company name inferred from domain/LinkedIn/email,YES,MONITOR_READY
C0053,Bohubrihi,explicit,https://bohubrihi.com/,,,,,,,,,,https://bohubrihi.com,,,,bohubrihi.com,72; 224,2,NO,,NO,,YES,FIND_CAREER_PAGE
C0469,Bolonlinebd,linkedin_inferred,,,https://www.linkedin.com/company/bolonlinebd/,,,,,12/65,,Tech Stack: 12 out of 65 | Openning: internet service,,,,,,593,1,NO,,YES,Company name inferred from domain/LinkedIn/email; Missing company/career website,YES,ENRICH_FROM_LINKEDIN
C0727,Bondstein,linkedin_inferred,,,https://www.linkedin.com/company/bondstein/?originalSubdomain=bd,,,,,2/50,hiring,Specialization They Need: 2 out of 50 | Years of Exp want: hiring,,,,,,871,1,NO,,YES,Company name inferred from domain/LinkedIn/email; Missing company/career website,YES,ENRICH_FROM_LINKEDIN
C0044,Bondstein Technologies Limited,explicit,https://bondstein.com/,,,,,,,,,,https://bondstein.com,,,,bondstein.com,60; 276; 489,3,YES,Source review: name_only_no_url_email,NO,,YES,MANUAL_REVIEW
C0843,Bongoiot,domain_inferred,https://www.bongoiot.com/,,https://www.linkedin.com/company/bongo-iot/?originalSubdomain=bd,,,,12.0,,,Years of Exp want: 12 emp | Location: https://www.linkedin.com/company/bongo-iot/?originalSubdomain=bd,,,,,bongoiot.com,1005,1,NO,,YES,Company name inferred from domain/LinkedIn/email,YES,FIND_CAREER_PAGE
C0565,Bongtech Limited,linkedin_inferred,,,https://www.linkedin.com/company/bongtech-limited/,,,,5.0,,,Openning: 5 emp,,,,,,692,1,NO,,YES,Company name inferred from domain/LinkedIn/email; Missing company/career website,YES,ENRICH_FROM_LINKEDIN
C0422,Bplugins,domain_inferred,,https://bplugins.com/jobs/,,,,wordpress,,,,Tech Stack: wordpress ui ux,,,,,bplugins.com,535,1,NO,,YES,Company name inferred from domain/LinkedIn/email,YES,MONITOR_READY
C0185,Brain Station 23,explicit,https://brainstation-23.com,,,,,,,,,,,,,,brainstation-23.com,262,1,NO,,NO,,YES,FIND_CAREER_PAGE
C0107,Braincraft Limited,explicit,https://www.braincraftapps.com,,,,,,,,,Openning: cool,https://braincraftapps.com/work-with-us,,,,braincraftapps.com,140; 967,2,NO,,NO,,YES,FIND_CAREER_PAGE
C0062,Brainy Soft,explicit,https://brainysoft.com/,,,,,,,,,,https://brainysoft.com,,,,brainysoft.com,83; 182,2,YES,Multiple different explicit company names merged,NO,,YES,MANUAL_REVIEW
C0616,Brainyzat,linkedin_inferred,,,https://www.linkedin.com/company/brainyzat/,,,,11.0,,,Tech Stack: marketing agency | Openning: 11 emp,,,,,,744,1,NO,,YES,Company name inferred from domain/LinkedIn/email; Missing company/career website,YES,ENRICH_FROM_LINKEDIN
C0284,Breezy,domain_inferred,https://ideascale.breezy.hr/,,,,,,,,,Tech Stack: no open position,,,,,breezy.hr,387; 910,2,NO,,YES,Company name inferred from domain/LinkedIn/email,YES,FIND_CAREER_PAGE
C0858,Bright,domain_inferred,,https://bright.com.bd/career/,,,,"cyber, cyber security",,,,"Tech Stack: cyber security, networking",,,,,bright.com.bd,1021,1,NO,,YES,Company name inferred from domain/LinkedIn/email,YES,MONITOR_READY
C0646,Brillmark,linkedin_inferred,,,https://www.linkedin.com/company/brillmark/,,,,,3/14,,Specialization They Need: 3 of 14,,,,,,788,1,NO,,YES,Company name inferred from domain/LinkedIn/email; Missing company/career website,YES,ENRICH_FROM_LINKEDIN
C0444,Brotecs,domain_inferred,,https://www.brotecs.com/career?slug=software-engineer-web,,,,,,,,,,,,,brotecs.com,559,1,NO,,YES,Company name inferred from domain/LinkedIn/email,YES,MONITOR_READY
C0130,BSD Bangladesh,explicit,,,,,,,,,,,,,,,,168,1,YES,Source review: name_only_no_url_email,YES,Missing company/career website,YES,MANUAL_REVIEW
C0776,Bssoln,domain_inferred,,https://bssoln.com/careers/,,,,"ai, node js",,,,Tech Stack: hire senior node js + AI,,,,,bssoln.com,925,1,NO,,YES,Company name inferred from domain/LinkedIn/email,YES,MONITOR_READY
C1020,Btcl,domain_inferred,https://bdia.btcl.com.bd/client/client/registerAsIndividual.jsp?moduleID=1,,,,,,,,no opening,Openning: no opening rn | Specialization They Need: to buy domain,,,,,btcl.com.bd,1229,1,NO,,YES,Company name inferred from domain/LinkedIn/email,YES,FIND_CAREER_PAGE
C0310,Btrac Solutions,linkedin_inferred,,,https://www.linkedin.com/company/btrac-solutions/?originalSubdomain=bd,,,,,,,,,,,,,414,1,NO,,YES,Company name inferred from domain/LinkedIn/email; Missing company/career website,YES,ENRICH_FROM_LINKEDIN
C0404,Btraccl,domain_inferred,,https://www.btraccl.com/index.php/page/career,,career@btraccl.com,,php,,,,Location: https://www.btraccl.com/index.php/page/career,,,,,btraccl.com,516,1,NO,,YES,Company name inferred from domain/LinkedIn/email,YES,MONITOR_READY
C0531,Bugfinder,domain_inferred,,https://bugfinder.net/careers,https://www.linkedin.com/company/bugfinder/,,,,12.0,,,Tech Stack: https://bugfinder.net/careers | Openning: 12 emp,,,,,bugfinder.net,658,1,NO,,YES,Company name inferred from domain/LinkedIn/email,YES,MONITOR_READY
C0653,Business Automation Ltd,linkedin_inferred,,,https://www.linkedin.com/company/business-automation-ltd,,,,,5/167,,Specialization They Need: 5 of 167,,,,,,795,1,NO,,YES,Company name inferred from domain/LinkedIn/email; Missing company/career website,YES,ENRICH_FROM_LINKEDIN
C1026,Business Automation Ltd,explicit,https://www.ba-systems.com,https://ba-systems.com/careers,,,,,,,not loading,Comment: not loading,,,,,ba-systems.com,1235; 1304,2,NO,,NO,,YES,MONITOR_READY
C0386,Businessaccelerate,domain_inferred,,https://businessaccelerate.com.bd/career/,,,,"c#, mysql",,,,Tech Stack: C# mysql js | Is Applied: yes,,,,,businessaccelerate.com.bd,495,1,NO,,YES,Company name inferred from domain/LinkedIn/email,YES,MONITOR_READY
C0251,Bytetrek,domain_inferred,https://www.bytetrek.com/join-us,,,,mohakhali,,,,,Tech Stack: mohakhali,,,,,bytetrek.com,351,1,NO,,YES,Company name inferred from domain/LinkedIn/email,YES,FIND_CAREER_PAGE
C0812,Bzmgraphics,domain_inferred,https://career.bzmgraphics.com/ https://www.bzmgraphics.com/,,,career@bzmgraphics.com,,,,,planning,Tech Stack: cool website | Openning: https://www.bzmgraphics.com/ | Is Applied: planning | Location: career@bzmgraphics.com,,,,,bzmgraphics.com,969,1,YES,Source review: multiple_domains,YES,Company name inferred from domain/LinkedIn/email,YES,MANUAL_REVIEW
C0885,Camelwaves,domain_inferred,,https://camelwaves.com/career/,,,,"laravel, wordpress",,,,Tech Stack: laravel wordpress,,,,,camelwaves.com,1055,1,NO,,YES,Company name inferred from domain/LinkedIn/email,YES,MONITOR_READY
C0208,Care Box,domain_inferred,,https://www.care-box.com/career#featuredCareers,,,,,,,,,,,,,care-box.com,305,1,NO,,YES,Company name inferred from domain/LinkedIn/email,YES,MONITOR_READY
C0618,Careguidebd,domain_inferred,https://careguidebd.com/,,https://www.linkedin.com/company/care-guide-bd/,,,,46.0,,,"Years of Exp want: 46 emp | Location: digital marketing, email marketing, lead gen, seo, data entry, HR, file mgmt",,,,,careguidebd.com,747,1,NO,,YES,Company name inferred from domain/LinkedIn/email,YES,FIND_CAREER_PAGE
C0485,Cdbl BD,linkedin_inferred,,,https://www.linkedin.com/company/cdbl-bd/,,,,,4/29,,Openning: 4 out of 29,,,,,,611,1,NO,,YES,Company name inferred from domain/LinkedIn/email; Missing company/career website,YES,ENRICH_FROM_LINKEDIN
C0045,Cefalo Bangladesh,explicit,https://www.cefalo.com/en/,,,,,"dot net, python",,,,"Tech Stack: dot net, python full",https://www.cefalo.com/en; https://career.cefalo.com/#jobs,,,,cefalo.com,61; 269; 817,3,NO,,NO,,YES,FIND_CAREER_PAGE
C0559,Celestial Tech Limited,linkedin_inferred,,,https://www.linkedin.com/company/celestial-tech-limited/?originalSubdomain=bd,,,,,2/79,,Tech Stack: marine and industrial | Openning: 2 out of 79,,,,,,686,1,NO,,YES,Company name inferred from domain/LinkedIn/email; Missing company/career website,YES,ENRICH_FROM_LINKEDIN
C0464,Celimited,domain_inferred,,https://celimited.com/career/,,,,,,,planning,Is Applied: planning,,,,,celimited.com,588,1,NO,,YES,Company name inferred from domain/LinkedIn/email,YES,MONITOR_READY
C0419,Centranix,domain_inferred,https://centranix.com/,,https://www.linkedin.com/company/centranix-limited/,,,,1.0,,,Specialization They Need: 1 emp | Location: https://www.linkedin.com/company/centranix-limited/,,,,,centranix.com,532,1,NO,,YES,Company name inferred from domain/LinkedIn/email,YES,FIND_CAREER_PAGE
C0179,Chaldal,explicit,https://chaldal.com,,,,,,,,,,,,,,chaldal.com,253,1,NO,,NO,,YES,FIND_CAREER_PAGE
C0385,Chaldal,domain_inferred,https://chaldal.tech/,,,,,,,,,,,,,,chaldal.tech,493,1,NO,,YES,Company name inferred from domain/LinkedIn/email,YES,FIND_CAREER_PAGE
C0689,Chokrojan Private Limited,linkedin_inferred,,,https://www.linkedin.com/company/chokrojan-private-limited/,,,,3.0,,,Specialization They Need: 3 emp,,,,,,833,1,NO,,YES,Company name inferred from domain/LinkedIn/email; Missing company/career website,YES,ENRICH_FROM_LINKEDIN
C0263,Cintechbd,linkedin_inferred,,,https://www.linkedin.com/company/cintechbd/,,,,,,,,,,,,,364,1,NO,,YES,Company name inferred from domain/LinkedIn/email; Missing company/career website,YES,ENRICH_FROM_LINKEDIN
C0108,Circle Fintech,explicit,https://www.circlefintech.com,,,,,,,,,,,,,,circlefintech.com,141,1,NO,,NO,,YES,FIND_CAREER_PAGE
C0704,Cis Tech Ltd,linkedin_inferred,,,https://www.linkedin.com/company/cis-tech-ltd/?originalSubdomain=bd,,,,14.0,,,Specialization They Need: 14 emp,,,,,,848,1,NO,,YES,Company name inferred from domain/LinkedIn/email; Missing company/career website,YES,ENRICH_FROM_LINKEDIN
C0570,Clan Social,linkedin_inferred,,,https://www.linkedin.com/company/clan-social/,,,,10.0,,,Openning: 10 emp | Specialization They Need: may be cool,,,,,,697,1,NO,,YES,Company name inferred from domain/LinkedIn/email; Missing company/career website,YES,ENRICH_FROM_LINKEDIN
C0891,Clarex,domain_inferred,,https://www.clarex.co/career,,,,php,,,,Tech Stack: php,,,,,clarex.co,1062,1,NO,,YES,Company name inferred from domain/LinkedIn/email,YES,MONITOR_READY
C1012,Classicit,domain_inferred,,https://classicit.com.bd/career,https://www.linkedin.com/company/classicit/,,,,,1/30,no opening,Tech Stack: no opening rn | Specialization They Need: 1 of 30 | Location: https://www.linkedin.com/company/classicit/,,,,,classicit.com.bd,1218,1,NO,,YES,Company name inferred from domain/LinkedIn/email,YES,MONITOR_READY
C0530,Clavisfintech,linkedin_inferred,,,https://www.linkedin.com/company/clavisfintech/,,,,4.0,,,Openning: 4 emp | Specialization They Need: financial,,,,,,657,1,NO,,YES,Company name inferred from domain/LinkedIn/email; Missing company/career website,YES,ENRICH_FROM_LINKEDIN
C0896,Cloudly,domain_inferred,,https://cloudly.com.bd/careers/,,,,ai,,,,Openning: AI ML / Devops | Specialization They Need: 10k intern,,,,,cloudly.com.bd,1070,1,NO,,YES,Company name inferred from domain/LinkedIn/email,YES,MONITOR_READY
C0503,Cloudycamp,domain_inferred,,https://cloudycamp.com/jobs,https://www.linkedin.com/company/cloudycamp/?originalSubdomain=bd,,,,,,interesting,Openning: Interesting .. Please TRY | Location: https://cloudycamp.com/jobs,,,,,cloudycamp.com,629,1,NO,,YES,Company name inferred from domain/LinkedIn/email,YES,MONITOR_READY
C0775,Cmed,domain_inferred,,https://cmed.com.bd/career,,,,,,,,Tech Stack: fullstack | Openning: contributors are awsome,,,,,cmed.com.bd,924,1,NO,,YES,Company name inferred from domain/LinkedIn/email,YES,MONITOR_READY
C0827,Co,domain_inferred,,https://co.design/careers/,https://www.linkedin.com/company/codesigntheory/?originalSubdomain=bd,,,,31.0,,,Tech Stack: Cool Website | Years of Exp want: 31 emp | Location: https://www.linkedin.com/company/codesigntheory/?originalSubdomain=bd,,,,,co.design,986,1,NO,,YES,Company name inferred from domain/LinkedIn/email,YES,MONITOR_READY
C0064,Code Cloud,explicit,https://codecloud.com.bd/,,,,,,,,,,,,,,codecloud.com.bd,85,1,NO,,NO,,YES,FIND_CAREER_PAGE
C1040,Code Prophet,explicit,https://codeprophet.com/,,,,,,,,not loading,Comment: site is not loading || Comment: can not find urll,https://codeprophet.com,,,,codeprophet.com,1264; 1307,2,NO,,NO,,YES,FIND_CAREER_PAGE
C0442,Codearrow,domain_inferred,https://codearrow.com/,,https://www.linkedin.com/company/codearrow/,,,,,,,Tech Stack: https://codearrow.com/,,,,,codearrow.com,557,1,NO,,YES,Company name inferred from domain/LinkedIn/email,YES,FIND_CAREER_PAGE
C0357,Codeboxr,domain_inferred,,https://codeboxr.com/jobs/,,,,,,,,,,,,,codeboxr.com,464,1,NO,,YES,Company name inferred from domain/LinkedIn/email,YES,MONITOR_READY
C0134,CodeCloud,explicit,https://codecload.com.bd,,,,,,,,,,,,,,codecload.com.bd,180,1,NO,,NO,,YES,FIND_CAREER_PAGE
C1044,CodemanBD,explicit,https://codemanbd.com,,,,,,,,,Comment: Course seller,,,,,codemanbd.com,1274,1,NO,,NO,,YES,FIND_CAREER_PAGE
C0225,Codemaven,domain_inferred,https://codemaven.net/contact,,,mahi@codemaven.net,,,,,,Tech Stack: 8.30am – 6pm | Openning: mahi@codemaven.net,,,,,codemaven.net,325,1,NO,,YES,Company name inferred from domain/LinkedIn/email,YES,FIND_CAREER_PAGE
C0061,Codemen,explicit,https://codemen.com/,,https://www.linkedin.com/company/codemen-solutions-inc-/,,malibag,,,,planning,Tech Stack: https://codemen.com/ | Openning: malibag | Is Applied: planning,https://codemen.com,,,,codemen.com,82; 183; 1176,3,NO,,NO,,YES,FIND_CAREER_PAGE
C0581,Codemoly,domain_inferred,,https://www.codemoly.com/career,https://www.linkedin.com/company/codemoly/,careers@codemoly.com,,,27.0,,planning,Openning: https://www.linkedin.com/company/codemoly/ | Specialization They Need: 27 emp | Is Applied: planning | Location: https://www.codemoly.com/career,,,,,codemoly.com,708,1,NO,,YES,Company name inferred from domain/LinkedIn/email,YES,MONITOR_READY
C0897,Coderex,domain_inferred,https://www.coderex.co/join-us/#coderex-jobs,https://inside.coderex.co/jobs,,,,ai,,,promising,Tech Stack: AI Engineer | Openning: looks promising | Location: https://inside.coderex.co/jobs,,,,,coderex.co,1071,1,YES,Source review: multiple_domains,YES,Company name inferred from domain/LinkedIn/email,YES,MANUAL_REVIEW
C0030,CodesBreak,explicit,https://codesbreak.com/,https://codesbreak.com/career/,https://www.linkedin.com/company/codesbreak/,,,,,3/14,,Location: https://codesbreak.com/career/ || Tech Stack: https://codesbreak.com/ | Openning: 3 of 14 AIUB | Specialization They Need: masum vai from sta,https://codesbreak.com,,,,codesbreak.com,46; 231; 766,3,NO,,NO,,YES,MONITOR_READY
C0190,Codeshaper,domain_inferred,https://codeshaper.net/contact-us,,,,,,,,,,,,,,codeshaper.net,287,1,NO,,YES,Company name inferred from domain/LinkedIn/email,YES,FIND_CAREER_PAGE
C0307,Codewareltd,domain_inferred,https://www.codewareltd.com/contact-us/,,,info@codewareltd.com,,,,,"hiring, no hiring, no hiring page",Openning: no hiring page found,,,,,codewareltd.com,411; 1196,2,YES,Source review: contact_only,YES,Company name inferred from domain/LinkedIn/email,YES,MANUAL_REVIEW
C0169,Codeworks,explicit,https://codeworks.com.bd,,,,,,,,not loading,Comment: can not find urll || Comment: site is not loading,https://codeworks.com.bd/,,,,codeworks.com.bd,230; 1275,2,NO,,NO,,YES,FIND_CAREER_PAGE
C0192,Codixel,domain_inferred,,https://www.codixel.tech/career,,,,,,,,,,,,,codixel.tech,289,1,NO,,YES,Company name inferred from domain/LinkedIn/email,YES,MONITOR_READY
C0944,Coloasiabd,domain_inferred,https://www.coloasiabd.com/footer/join_us.html,,,,,,,,,"Openning: data center, cloud | Is Applied: yes | Re Apply Count: 22 Jun-e",,,,,coloasiabd.com,1129,1,NO,,YES,Company name inferred from domain/LinkedIn/email,YES,FIND_CAREER_PAGE
C0321,Colocitydatacenter,linkedin_inferred,,,https://www.linkedin.com/company/colocitydatacenter/,,,,,,,,,,,,,426,1,NO,,YES,Company name inferred from domain/LinkedIn/email; Missing company/career website,YES,ENRICH_FROM_LINKEDIN
C0537,Com,domain_inferred,,https://tenbyte.com.my/careers/,,hr@tenbyte.com.my,,,,,"hiring, planning","Tech Stack: hiring site reliable enginner, dev ops | Is Applied: planning | Location: hr@tenbyte.com.my",,,,,com.my,664,1,NO,,YES,Company name inferred from domain/LinkedIn/email,YES,MONITOR_READY
C0945,Com,domain_inferred,,https://www.smartmatrix.com.sg/career,,,,,,,,Is Applied: yes | Re Apply Count: 22 Jun-e,,,,,com.sg,1130,1,NO,,YES,Company name inferred from domain/LinkedIn/email,YES,MONITOR_READY
C0281,Commjunc,domain_inferred,https://commjunc.com/,,,,,,,,,,,,,,commjunc.com,384,1,NO,,YES,Company name inferred from domain/LinkedIn/email,YES,FIND_CAREER_PAGE
C0457,Commlinkinfotech,domain_inferred,,https://www.commlinkinfotech.com/career/,https://www.linkedin.com/company/commlink-info-tech-ltd./,hr@commlinkinfotech.com,,,,,planning,Is Applied: planning | Location: https://www.commlinkinfotech.com/career/ || Tech Stack: https://docs.google.com/forms/d/e/1FAIpQLSf6x9cB6ib5AHFSh262bfv_xI1uiKwufDgS8zLxDfhKYfcyUg/viewform | Location: https://www.commlinkinfotech.com/career/,,https://www.commlinkinfotech.com/career/ https://docs.google.com/forms/d/e/1FAIpQLSf6x9cB6ib5AHFSh262bfv_xI1uiKwufDgS8zLxDfhKYfcyUg/viewform,,,commlinkinfotech.com,577; 825,2,YES,Source review: multiple_domains,YES,Company name inferred from domain/LinkedIn/email,YES,MANUAL_REVIEW
C0333,Comptech,domain_inferred,https://www.comptech.com.bd,,,,,ai,,,,Tech Stack: cloud cybersecurity ai ml,,,,,comptech.com.bd,439,1,NO,,YES,Company name inferred from domain/LinkedIn/email,YES,FIND_CAREER_PAGE
C0601,Comptech Network System,linkedin_inferred,,,https://www.linkedin.com/company/comptech-network-system/,,,,,1/17,,Tech Stack: IT service | Specialization They Need: 1 of 17,,,,,,728,1,NO,,YES,Company name inferred from domain/LinkedIn/email; Missing company/career website,YES,ENRICH_FROM_LINKEDIN
C0669,Contessabd,linkedin_inferred,,,https://www.linkedin.com/company/contessabd/?originalSubdomain=bd,,,,,3/14,,Specialization They Need: 3 of 14,,,,,,811,1,NO,,YES,Company name inferred from domain/LinkedIn/email; Missing company/career website,YES,ENRICH_FROM_LINKEDIN
C0698,Coppanet Ltd,linkedin_inferred,,,https://www.linkedin.com/company/coppanet-ltd/?originalSubdomain=bd,,,,2.0,,,Specialization They Need: 2 emp | Years of Exp want: check this,,,,,,842,1,NO,,YES,Company name inferred from domain/LinkedIn/email; Missing company/career website,YES,ENRICH_FROM_LINKEDIN
C0335,Coredevsltd,domain_inferred,https://career.coredevsltd.com/,,,,mirpur,,,,,Tech Stack: mirpur .. not recommended,,,,,coredevsltd.com,442,1,NO,,YES,Company name inferred from domain/LinkedIn/email,YES,FIND_CAREER_PAGE
C0998,Corexlab,domain_inferred,https://www.corexlab.com/join-us,,,,,,,,"hiring, no hiring, no hiring page",Tech Stack: no hiring page found,,,,,corexlab.com,1200,1,NO,,YES,Company name inferred from domain/LinkedIn/email,YES,FIND_CAREER_PAGE
C0175,Craftsmen,explicit,https://craftsmenltd.com,,,,,,,,not loading,Comment: site is not loading,https://craftsmenltd.com/,,,,craftsmenltd.com,244; 1267,2,NO,,NO,,YES,FIND_CAREER_PAGE
C0196,craftsmensoftware,explicit,https://careers.craftsmensoftware.com/,,,,,,,,promising,Tech Stack: https://careers.craftsmensoftware.com/ || Openning: super promising,,,,,craftsmensoftware.com,293; 962,2,NO,,NO,,YES,FIND_CAREER_PAGE
C0334,Creativetechpark,domain_inferred,,https://creativetechpark.com/career/,,,,,,,,Tech Stack: so poor infrastructure,,,,,creativetechpark.com,440,1,NO,,YES,Company name inferred from domain/LinkedIn/email,YES,MONITOR_READY
C0417,Creativitix,domain_inferred,,https://www.creativitix.com/career,https://www.linkedin.com/company/creativitix-software/ https://www.linkedin.com/in/sktajbir/,,,,,1/3,,Tech Stack: https://www.linkedin.com/company/creativitix-software/ | Specialization They Need: 1 of 3 (CEO) | Years of Exp want: https://www.linkedin.com/in/sktajbir/,,,,,creativitix.com,530,1,NO,,YES,Company name inferred from domain/LinkedIn/email,YES,MONITOR_READY
C0443,Crystaltechbd,domain_inferred,,https://www.crystaltechbd.com/careers.html,,,,,,,hiring,Openning: Hiring,,,,,crystaltechbd.com,558,1,NO,,YES,Company name inferred from domain/LinkedIn/email,YES,MONITOR_READY
C0210,cslsoft,explicit,,,,,,,,,,,,,,,,309,1,YES,Source review: name_only_no_url_email,YES,Missing company/career website,YES,MANUAL_REVIEW
C0905,Csltechltd,domain_inferred,https://csltechltd.com/#,,,,,,,,,"Tech Stack: data, networking,",,,,,csltechltd.com,1080,1,NO,,YES,Company name inferred from domain/LinkedIn/email,YES,FIND_CAREER_PAGE
C0659,Csmbangladesh,domain_inferred,https://www.csmbangladesh.com/about-us/meet-the-team,https://www.csmbangladesh.com/about-us/careers/hiring,https://www.linkedin.com/company/csm-bangladesh/,,,.net,,8/54,hiring,Tech Stack: https://www.csmbangladesh.com/about-us/meet-the-team | Specialization They Need: 8 of 54 || Openning: .net,,,,,csmbangladesh.com,801; 1093,2,NO,,YES,Company name inferred from domain/LinkedIn/email,YES,MONITOR_READY
C0372,Ctrends Software,domain_inferred,,https://www.ctrends-software.com/career,,,,java,,,,Openning: UIux java,,,,,ctrends-software.com,479,1,NO,,YES,Company name inferred from domain/LinkedIn/email,YES,MONITOR_READY
C0960,Cursorbd,domain_inferred,,https://www.cursorbd.com/career,,info@cursorbd.com,chattogram,,,,,Openning: chattogram | Is Applied: yes | Location: https://www.cursorbd.com/career,,,,,cursorbd.com,1146,1,NO,,YES,Company name inferred from domain/LinkedIn/email,YES,MONITOR_READY
C0297,Cuttingedger,domain_inferred,https://www.cuttingedger.com/page/aboutus/,,,,,,,,,Openning: 3d model,,,,,cuttingedger.com,400,1,NO,,YES,Company name inferred from domain/LinkedIn/email,YES,FIND_CAREER_PAGE
C0069,Cyber Bangla Ltd.,explicit,https://cyberbangla.com/,,,,,cyber,,,,,https://cyberbangla.com,,,,cyberbangla.com,90; 178,2,YES,Multiple different explicit company names merged,NO,,YES,MANUAL_REVIEW
C0991,Cyberdynetechnologyltd,domain_inferred,https://www.cyberdynetechnologyltd.com/our-team,,,,,,,,"hiring, no hiring, no hiring page",Openning: no hiring page found,,,,,cyberdynetechnologyltd.com,1192,1,NO,,YES,Company name inferred from domain/LinkedIn/email,YES,FIND_CAREER_PAGE
C0728,Cybernetics Hi Tech,linkedin_inferred,,,https://www.linkedin.com/company/cybernetics-hi-tech/?originalSubdomain=bd,,,,20.0,,,Specialization They Need: 20 emp,,,,,,872,1,NO,,YES,Company name inferred from domain/LinkedIn/email; Missing company/career website,YES,ENRICH_FROM_LINKEDIN
C0373,Cycorestudios,domain_inferred,,https://www.cycorestudios.com/careers,,,,,,,,Openning: 3d animation,,,,,cycorestudios.com,480,1,NO,,YES,Company name inferred from domain/LinkedIn/email,YES,MONITOR_READY
C0028,Daffodil Software Ltd,explicit,https://daffodil-bd.com/,,,,,,,,,Comment: E-commerce,https://daffodil-bd.com,,,,daffodil-bd.com,44; 232,2,NO,,NO,,YES,FIND_CAREER_PAGE
C0096,Danpite Tech,explicit,https://danpite.tech,,,,,,,,,,,,,,danpite.tech,127,1,NO,,NO,,YES,FIND_CAREER_PAGE
C0231,Dapcoventures,domain_inferred,https://dapcoventures.com/contact/,,,info@dapcoventures.com,,,,,,Tech Stack: https://dapcoventures.com/contact/,,,,,dapcoventures.com,331,1,NO,,YES,Company name inferred from domain/LinkedIn/email,YES,FIND_CAREER_PAGE
C0182,Daraz Bangladesh,explicit,https://www.daraz.com.bd,,,,,,,,,,,,,,daraz.com.bd,256,1,NO,,NO,,YES,FIND_CAREER_PAGE
C0771,Data Path,domain_inferred,,https://www.data-path.net/job-apply/,,,,,,,,,,,,,data-path.net,918,1,NO,,YES,Company name inferred from domain/LinkedIn/email,YES,MONITOR_READY
C0756,Datacraft Limited,linkedin_inferred,,,https://www.linkedin.com/company/datacraft-limited/?originalSubdomain=bd,,,,,,,,,,,,,901,1,NO,,YES,Company name inferred from domain/LinkedIn/email; Missing company/career website,YES,ENRICH_FROM_LINKEDIN
C0223,Datadss,email_inferred,,,,caredesk@datadss.com,,,,,,,,,,,,323,1,YES,Source review: contact_only,YES,Company name inferred from domain/LinkedIn/email; Missing company/career website,YES,MANUAL_REVIEW
C0478,Datafluent,domain_inferred,https://www.datafluent.xyz/contact,,https://www.linkedin.com/company/datafluent-analytics/,,rampura,,5.0,,"must try, planning",Tech Stack: https://www.datafluent.xyz/contact | Openning: 5 emp | Specialization They Need: rampura | Is Applied: planning | Re Apply Count: must try,,,,,datafluent.xyz,604,1,NO,,YES,Company name inferred from domain/LinkedIn/email,YES,FIND_CAREER_PAGE
C0242,Datascape BD,email_inferred,,,,hr@datascape-bd.com,mirpur,,,,,Tech Stack: Mirpur,,,,,,342,1,YES,Source review: contact_only,YES,Company name inferred from domain/LinkedIn/email; Missing company/career website,YES,MANUAL_REVIEW
C0640,Datasoft Systems Bangladesh Limited,linkedin_inferred,,,https://www.linkedin.com/company/datasoft-systems-bangladesh-limited/?originalSubdomain=il,,,,,1/199,,Specialization They Need: 1 of 199,,,,,,782,1,NO,,YES,Company name inferred from domain/LinkedIn/email; Missing company/career website,YES,ENRICH_FROM_LINKEDIN
C0047,DataSoft Systems Bangladesh Ltd.,explicit,http://datasoft-bd.com/,,,career@datasoft-bd.com,,nodejs,,,,Tech Stack: Application for Software Engineer (NodeJs),http://datasoft-bd.com,,,,datasoft-bd.com,63; 270; 926,3,YES,Source review: contact_only,NO,,YES,MANUAL_REVIEW
C0507,Datastateltd,domain_inferred,,https://datastateltd.com/careers,,,,,,,planning,Is Applied: planning | Re Apply Count: must,,,,,datastateltd.com,633,1,NO,,YES,Company name inferred from domain/LinkedIn/email,YES,MONITOR_READY
C0133,Datazo InfoTech,explicit,https://datazo.net,,,,,,,,,Comment: Connection Time out,,,,,datazo.net,177; 1284,2,YES,Source review: name_only_no_url_email,NO,,YES,MANUAL_REVIEW
C0634,Dbldigital,linkedin_inferred,,,https://www.linkedin.com/company/dbldigital/?viewAsMember=true,,,,,1/26,,Openning: 1 of 26,,,,,,775,1,NO,,YES,Company name inferred from domain/LinkedIn/email; Missing company/career website,YES,ENRICH_FROM_LINKEDIN
C0075,Dcastalia Limited,explicit,https://dcastalia.com/,https://dcastalia.com/career,,,,,,,,,https://dcastalia.com,,,,dcastalia.com,96; 174; 512,3,NO,,NO,,YES,MONITOR_READY
C0343,Dcicon,domain_inferred,https://dcicon.com.bd/meet-our-team/,,,,,,,,,Tech Stack: data center,,,,,dcicon.com.bd,450,1,NO,,YES,Company name inferred from domain/LinkedIn/email,YES,FIND_CAREER_PAGE
C0361,dcrowd.net,explicit,,,,,,,,,,Tech Stack: dosh- dalal of sheikh,,,,,,468,1,YES,Source review: name_only_no_url_email,YES,Missing company/career website,YES,MANUAL_REVIEW
C0495,Definedsolution,linkedin_inferred,,,https://www.linkedin.com/company/definedsolution/,,,,,,planning,Tech Stack: East hazipara | Is Applied: planning,,,,,,621,1,NO,,YES,Company name inferred from domain/LinkedIn/email; Missing company/career website,YES,ENRICH_FROM_LINKEDIN
C0574,Deshicommerce,linkedin_inferred,,,https://www.linkedin.com/company/deshicommerce/,,,,3.0,,,Openning: 3 emp,,,,,,701,1,NO,,YES,Company name inferred from domain/LinkedIn/email; Missing company/career website,YES,ENRICH_FROM_LINKEDIN
C0204,Deshifarmer,domain_inferred,,https://www.deshifarmer.co/career,,career@deshifarmer.co,,,,,"hiring, no hiring",Tech Stack: https://www.deshifarmer.co/career | Specialization They Need: no hiring,,,,,deshifarmer.co,301,1,NO,,YES,Company name inferred from domain/LinkedIn/email,YES,MONITOR_READY
C0958,Deshsoft,domain_inferred,https://deshsoft.com/service-inquiry-form/,,,,,dot net,,,,Openning: dot net maybe | Is Applied: yes,,,,,deshsoft.com,1144,1,NO,,YES,Company name inferred from domain/LinkedIn/email,YES,FIND_CAREER_PAGE
C0680,Development Design Consultants Ltd Ddc,linkedin_inferred,,,https://www.linkedin.com/company/development-design-consultants-ltd-ddc/?originalSubdomain=bd,,,,,,,,,,,,,823,1,NO,,YES,Company name inferred from domain/LinkedIn/email; Missing company/career website,YES,ENRICH_FROM_LINKEDIN
C0001,Devjobsnetwork,linkedin_inferred,,,https://www.linkedin.com/company/devjobsnetwork/posts/,,,,,,,,,,,,,4,1,NO,,YES,Company name inferred from domain/LinkedIn/email; Missing company/career website,YES,ENRICH_FROM_LINKEDIN
C0463,Devnetlimited,domain_inferred,,https://devnetlimited.com/career/,,,,,,,backdated,Tech Stack: prayer zone | Openning: backdated,,,,,devnetlimited.com,587,1,NO,,YES,Company name inferred from domain/LinkedIn/email,YES,MONITOR_READY
C0584,Devs Core,domain_inferred,https://devs-core.com/,,https://www.linkedin.com/company/devs-core/,,,,5.0,,,Openning: 5 emp | Specialization They Need: may be cool | Location: https://devs-core.com/,,,,,devs-core.com,711,1,NO,,YES,Company name inferred from domain/LinkedIn/email,YES,FIND_CAREER_PAGE
C0600,Devsnest,domain_inferred,,https://devsnest.net/Career,https://www.linkedin.com/company/devsnest-llc/,,,shopify,,1/34,hiring,Tech Stack: ux product designer hiring | Openning: shopify | Specialization They Need: 1 of 34 | Location: https://www.linkedin.com/company/devsnest-llc/,,,,,devsnest.net,727,1,NO,,YES,Company name inferred from domain/LinkedIn/email,YES,MONITOR_READY
C0821,Devsstream,domain_inferred,,https://www.devsstream.com/career,https://www.linkedin.com/company/devsstream/?originalSubdomain=bd,info@devsstream.com,,,10.0,,planning,Openning: do mail | Specialization They Need: https://www.linkedin.com/company/devsstream/?originalSubdomain=bd | Years of Exp want: 10 emp | Is Applied: planning | Location: https://www.devsstream.com/career,,,,,devsstream.com,978,1,NO,,YES,Company name inferred from domain/LinkedIn/email,YES,MONITOR_READY
C0060,DevsTeam,explicit,https://devsteam.it/,,,,,,,,,,,,,,devsteam.it,81,1,NO,,NO,,YES,FIND_CAREER_PAGE
C0234,Devszone,domain_inferred,,https://www.devszone.com/career,,career@devszone.com,,,,,,Tech Stack: https://www.devszone.com/career,,,,,devszone.com,334,1,NO,,YES,Company name inferred from domain/LinkedIn/email,YES,MONITOR_READY
C0997,Devtechguru,domain_inferred,https://www.devtechguru.com/,,,,,,,,"hiring, no hiring, no hiring page",Tech Stack: no hiring page found,,,,,devtechguru.com,1199,1,NO,,YES,Company name inferred from domain/LinkedIn/email,YES,FIND_CAREER_PAGE
C0023,Devxhub,explicit,https://devxhub.com/,https://www.devxhub.com/career,,career@devxhub.com,"boalia, kazla, rajshahi",,,,,"Tech Stack: Kazla, Boalia, Rajshahi | mail to: career@devxhub.com | Location: https://www.devxhub.com/career",https://devxhub.com,,,,devxhub.com,39; 239,2,NO,,NO,,YES,MONITOR_READY
C0518,Dfsl BD,domain_inferred,,https://dfsl-bd.com/career/,,,,,,,planning,"Tech Stack: fresher mid level , frontend angular | Is Applied: planning",,,,,dfsl-bd.com,645,1,NO,,YES,Company name inferred from domain/LinkedIn/email,YES,MONITOR_READY
C0681,Dg Infotech Ltd,linkedin_inferred,,,https://www.linkedin.com/company/dg-infotech-ltd/?originalSubdomain=bd,,,,,,,,,,,,,824,1,NO,,YES,Company name inferred from domain/LinkedIn/email; Missing company/career website,YES,ENRICH_FROM_LINKEDIN
C0336,Dgency,domain_inferred,,https://dgency.com/careers/#open-position,,,,,,,,Openning: Ad related,,,,,dgency.com,443,1,NO,,YES,Company name inferred from domain/LinkedIn/email,YES,MONITOR_READY
C0733,Dhaka Apps Limited,linkedin_inferred,,,https://www.linkedin.com/company/dhaka-apps-limited/?originalSubdomain=bd,,dhaka,,10.0,,,Specialization They Need: 10 emp,,,,,,877,1,NO,,YES,Company name inferred from domain/LinkedIn/email; Missing company/career website,YES,ENRICH_FROM_LINKEDIN
C0131,Dhaka Solution,explicit,https://www.dhakasolution.com,,,,dhaka,,,,not loading,Comment: not loading || Comment: looks like Html developer,https://www.dhakasolution.com/ https://www.dhakasolution.com/ExperiencedProfessional.html,,,,dhakasolution.com,169; 1280,2,NO,,NO,,YES,FIND_CAREER_PAGE
C0568,Dhorony,linkedin_inferred,,,https://www.linkedin.com/company/dhorony/,,,,,,,,,,,,,695,1,NO,,YES,Company name inferred from domain/LinkedIn/email; Missing company/career website,YES,ENRICH_FROM_LINKEDIN
C0109,Dhrubok Infotech,explicit,https://dhrubokinfotech.com,https://dhrubokinfotech.com/career,,,,,,,,Is Applied: yes,,,,,dhrubokinfotech.com,142; 1148,2,NO,,NO,,YES,MONITOR_READY
C0765,Dhrubonetworks,domain_inferred,,https://www.dhrubonetworks.com/careers.php,,,,php,,,planning,Is Applied: planning,,,,,dhrubonetworks.com,911,1,NO,,YES,Company name inferred from domain/LinkedIn/email,YES,MONITOR_READY
C0355,Digicontechnologies,domain_inferred,,https://www.digicontechnologies.com/career,,,,,,,,Specialization They Need: have opportunity may be .. check please,,,,,digicontechnologies.com,462,1,NO,,YES,Company name inferred from domain/LinkedIn/email,YES,MONITOR_READY
C1038,Digifea,domain_inferred,,https://digifea.com/career/,https://www.linkedin.com/company/digifeaofficial/,,,,,2/72,,Tech Stack: international call center and BPO agency | Specialization They Need: 2 of 72 | Location: https://digifea.com/career/,,,,,digifea.com,1249,1,NO,,YES,Company name inferred from domain/LinkedIn/email,YES,MONITOR_READY
C0718,Digipro Global,domain_inferred,,https://digipro-global.com/career/,,info@digiprobd.com,,,,,planning,Is Applied: planning | Location: https://digipro-global.com/career/,,,,,digipro-global.com,862,1,NO,,YES,Company name inferred from domain/LinkedIn/email,YES,MONITOR_READY
C0506,Digirockbd,domain_inferred,https://www.digirockbd.com/,,,,,,,,,Tech Stack: cool,,,,,digirockbd.com,632,1,NO,,YES,Company name inferred from domain/LinkedIn/email,YES,FIND_CAREER_PAGE
C0067,Digis,explicit,https://digiscorp.com/,,,,,,,,,,https://digiscorp.com,,,,digiscorp.com,88; 179,2,YES,Multiple different explicit company names merged,NO,,YES,MANUAL_REVIEW
C0571,Digitechcombd,linkedin_inferred,,,https://www.linkedin.com/company/digitechcombd/,,,odoo,6.0,,,Tech Stack: made my odoo e com | Openning: 6 emp,,,,,,698,1,NO,,YES,Company name inferred from domain/LinkedIn/email; Missing company/career website,YES,ENRICH_FROM_LINKEDIN
C0158,Dingi Technologies,explicit,https://dingi.tech,,,,,php,,,career not found,Comment: career not found,https://dingi.tech/ https://dingi.tech/contact.php,,,,dingi.tech,215; 1283,2,NO,,NO,,YES,FIND_CAREER_PAGE
C0413,Ditechbd,linkedin_inferred,,,https://www.linkedin.com/company/ditechbd/,,,,,1/19,,Years of Exp want: 1 of 19,,,,,,525,1,NO,,YES,Company name inferred from domain/LinkedIn/email; Missing company/career website,YES,ENRICH_FROM_LINKEDIN
C1010,Divergenttechbd,domain_inferred,,https://www.divergenttechbd.com/career,,,,,,,no opening,Openning: no opening rn,,,,,divergenttechbd.com,1216,1,NO,,YES,Company name inferred from domain/LinkedIn/email,YES,MONITOR_READY
C0748,Diverzent,domain_inferred,,https://diverzent.com/careers/,https://www.linkedin.com/company/diverzent/,,,,2.0,,,Tech Stack: https://diverzent.com/careers/ | Specialization They Need: 2 emp,,,,,diverzent.com,893,1,NO,,YES,Company name inferred from domain/LinkedIn/email,YES,MONITOR_READY
C0154,Divine IT Limited,explicit,https://www.divineit.net,https://www.divineit.net/about/careers/,,jobs@divineit.net,,,,,planning,Is Applied: planning || Is Applied: yes | Re Apply Count: 22 Jun-e | Location: jobs@divineit.net,,,,,divineit.net,208; 569; 1121,3,YES,Source review: contact_only,NO,,YES,MANUAL_REVIEW
C0360,Divobd,domain_inferred,,https://divobd.com/careers/,,,,,,,outdated,Tech Stack: seems outdated,,,,,divobd.com,467,1,NO,,YES,Company name inferred from domain/LinkedIn/email,YES,MONITOR_READY
C0097,Dizi Nova Limited,explicit,https://www.dizinova.com,,,,,,,,,,,,,,dizinova.com,128,1,NO,,NO,,YES,FIND_CAREER_PAGE
C0452,Doctimebd,linkedin_inferred,,,https://www.linkedin.com/company/doctimebd/,,,,63.0,,,Openning: 63 emp,,,,,,570,1,NO,,YES,Company name inferred from domain/LinkedIn/email; Missing company/career website,YES,ENRICH_FROM_LINKEDIN
C0087,Dohatec New Media,explicit,https://www.dohatec.com,https://www.dohatec.com/careers,,hrd@dohatec.net,,,,,,Tech Stack: hrd@dohatec.net,,,,,dohatec.com,118; 307,2,NO,,NO,,YES,MONITOR_READY
C0962,Doin,domain_inferred,,https://doin.tech/career/,,,,,,,,Tech Stack: progoti sharani | Openning: https://www.facebook.com/ashraf.shuvo.1018,,,,,doin.tech,1151,1,NO,,YES,Company name inferred from domain/LinkedIn/email,YES,MONITOR_READY
C0146,Door,explicit,,,,,,,,,,,,,,,,197,1,YES,Source review: name_only_no_url_email,YES,Missing company/career website,YES,MANUAL_REVIEW
C0029,Doorsoft,domain_inferred,https://doorsoft.co/,,,info@doorsoft.co,,,,,,mail to: info@doorsoft.co,,,,,doorsoft.co,45,1,NO,,YES,Company name inferred from domain/LinkedIn/email,YES,FIND_CAREER_PAGE
C0504,Doppcall,linkedin_inferred,,,https://www.linkedin.com/company/doppcall/,,,,8.0,,,Specialization They Need: 8 emp,,,,,,630,1,NO,,YES,Company name inferred from domain/LinkedIn/email; Missing company/career website,YES,ENRICH_FROM_LINKEDIN
C0813,Dotlines,domain_inferred,https://dotlines.com.bd/ https://ssd-tech.io/#service,,https://www.linkedin.com/company/ssd-tech/,,,,,3/60,,Tech Stack: nice footer color | Openning: https://ssd-tech.io/#service | Years of Exp want: 3 of 60 | Location: https://www.linkedin.com/company/ssd-tech/,,,,,dotlines.com.bd,970,1,YES,Source review: multiple_domains,YES,Company name inferred from domain/LinkedIn/email,YES,MANUAL_REVIEW
C0763,Dotpotit,linkedin_inferred,,,https://www.linkedin.com/company/dotpotit/,,,,13.0,,,Openning: 13 emp,,,,,,908,1,NO,,YES,Company name inferred from domain/LinkedIn/email; Missing company/career website,YES,ENRICH_FROM_LINKEDIN
C0036,Dream71,explicit,https://dream71.com/,https://dream71.com/career,,,,,,,,Tech Stack: not good | Location: https://dream71.com/career,https://dream71.com,,,,dream71.com,52; 143,2,NO,,NO,,YES,MONITOR_READY
C0315,Dreamerzlab,domain_inferred,,https://dreamerzlab.com/career/no-job,,,,,,,,Tech Stack: 3D,,,,,dreamerzlab.com,420,1,NO,,YES,Company name inferred from domain/LinkedIn/email,YES,MONITOR_READY
C0293,Dtechonline,domain_inferred,,https://www.dtechonline.net/career,,,,,,,,Tech Stack: ISP,,,,,dtechonline.net,396,1,NO,,YES,Company name inferred from domain/LinkedIn/email,YES,MONITOR_READY
C0041,Dynamic Solution Innovators,explicit,https://www.dsinnovators.com/,https://app.hrythmic.com/recruit/openings/company/dsinnovators/,,,,cyber,,,,Tech Stack: https://app.hrythmic.com/recruit/openings/company/dsinnovators/ | Specialization They Need: Cyber App Net FE | Comment: https://app.hrythmic.com/recruit/openings/company/dsinnovators/ | Location: https://app.hrythmic.com/recruit/openings/company/dsinnovators/,https://www.dsinnovators.com,,,,dsinnovators.com; hrythmic.com,57; 275,2,YES,Multiple corporate domains; Source review: multiple_domains,NO,,YES,MANUAL_REVIEW
C0553,Easital,domain_inferred,,https://www.easital.com/career,https://www.linkedin.com/company/easital/,,,sqa,,1/24,,Openning: 1 of 24 (sqa) | Location: https://www.linkedin.com/company/easital/,,,,,easital.com,680,1,NO,,YES,Company name inferred from domain/LinkedIn/email,YES,MONITOR_READY
C0314,Easy,domain_inferred,https://www.iotait.tech/,https://itclan.easy.jobs/,https://www.linkedin.com/company/iotaconsultingbd/?originalSubdomain=bd https://www.linkedin.com/company/iota-infotech-limited/,,,,11.0,,planning; promising,"Is Applied: planning || Tech Stack: promising | Openning: no position available | Years of Exp want: https://www.linkedin.com/company/iotaconsultingbd/?originalSubdomain=bd | Re Apply Count: zahid vai, and one more aiubian works here | Comment: 11 emp | Location: https://iota.easy.jobs/",,https://brainstation-23.easy.jobs/; https://iota.easy.jobs/,,,easy.jobs; iotait.tech,419; 571; 992,3,YES,Multiple corporate domains; Source review: multiple_domains,YES,Company name inferred from domain/LinkedIn/email,YES,MANUAL_REVIEW
C0635,Eaze IT Japan,linkedin_inferred,,,https://www.linkedin.com/company/eaze-it-japan/,,,,,1/11,,Openning: 1 of 11,,,,,,776,1,NO,,YES,Company name inferred from domain/LinkedIn/email; Missing company/career website,YES,ENRICH_FROM_LINKEDIN
C0985,Ebsbd,domain_inferred,https://ebsbd.com/index.php/resume-submission/,https://ebsbd.com/index.php/careers/,,,,php,,,planning,Tech Stack: https://ebsbd.com/index.php/resume-submission/ | Is Applied: planning,,,,,ebsbd.com,1177,1,NO,,YES,Company name inferred from domain/LinkedIn/email,YES,MONITOR_READY
C0893,Echoasoft,domain_inferred,,https://echoasoft.com/career/,,,,,,,,Tech Stack: word press,,,,,echoasoft.com,1065,1,NO,,YES,Company name inferred from domain/LinkedIn/email,YES,MONITOR_READY
C0481,Eclatit,domain_inferred,https://www.eclatit.com.bd/,,https://www.linkedin.com/company/eclat-it/,,,,1.0,,,Tech Stack: https://www.eclatit.com.bd/ | Specialization They Need: 1 emp,,,,,eclatit.com.bd,607,1,NO,,YES,Company name inferred from domain/LinkedIn/email,YES,FIND_CAREER_PAGE
C0611,Eclipse Enterprise Limited,linkedin_inferred,,,https://www.linkedin.com/company/eclipse-enterprise-limited/,,,,,1/11,,Tech Stack: 1 of 11,,,,,,738,1,NO,,YES,Company name inferred from domain/LinkedIn/email; Missing company/career website,YES,ENRICH_FROM_LINKEDIN
C0342,Ecomsolutionsbd,domain_inferred,https://www.ecomsolutionsbd.com/,,,,,,,,,Tech Stack: drop shipping,,,,,ecomsolutionsbd.com,449,1,NO,,YES,Company name inferred from domain/LinkedIn/email,YES,FIND_CAREER_PAGE
C0189,ecosoftbd,explicit,,https://www.ecosoftbd.com/careers,,career@ecosoftbdit.com,,,,,,mail to: career@ecosoftbdit.com,,,,,ecosoftbd.com,286,1,NO,,NO,,YES,MONITOR_READY
C0988,Edusoftconsultants,domain_inferred,https://www.edusoftconsultants.com/about.html,,,,,,,,"hiring, no hiring, no hiring page",Openning: no hiring page found,,,,,edusoftconsultants.com,1188,1,NO,,YES,Company name inferred from domain/LinkedIn/email,YES,FIND_CAREER_PAGE
C0876,Edutech,explicit,,,,,,,,,,Openning: junior soft dev form fill up done,,,,,,1044,1,YES,Source review: name_only_no_url_email,YES,Missing company/career website,YES,MANUAL_REVIEW
C0233,Efficientsoftwaresolutionsltd,linkedin_inferred,,,https://www.linkedin.com/company/efficientsoftwaresolutionsltd/people/?viewAsMember=true,,,,,,,,,,,,,333,1,NO,,YES,Company name inferred from domain/LinkedIn/email; Missing company/career website,YES,ENRICH_FROM_LINKEDIN
C0501,Efgtech,domain_inferred,https://efgtech.com.bd/,,https://www.linkedin.com/company/efg-tech/ https://www.linkedin.com/in/bayezid-bostami-94332819/,,,,,,,Tech Stack: https://efgtech.com.bd/ | Openning: Euro food group | Specialization They Need: https://www.linkedin.com/in/bayezid-bostami-94332819/ | Years of Exp want: head of IT,,,,,efgtech.com.bd,627,1,NO,,YES,Company name inferred from domain/LinkedIn/email,YES,FIND_CAREER_PAGE
C0375,Efoli,domain_inferred,https://efoli.com/service/,,,,,shopify,,,,Openning: shopify,,,,,efoli.com,482,1,NO,,YES,Company name inferred from domain/LinkedIn/email,YES,FIND_CAREER_PAGE
C0020,eGeneration Ltd,explicit,https://egeneration.co/,https://egeneration.co/career.html,,hr@egeneration.com,,ios,,,planning,"Location: https://egeneration.co/career.html || Tech Stack: data eng, ios | Is Applied: planning | Location: https://www.egeneration.co/career.html",https://egeneration.co,https://www.egeneration.co/career.html,,,egeneration.co,36; 204; 242; 580,4,NO,,NO,,YES,MONITOR_READY
C0458,Eicra,domain_inferred,,https://www.eicra.com/careers,https://www.linkedin.com/company/eicra-soft-limited/?originalSubdomain=bd,,,,,,planning,Is Applied: planning || Is Applied: planning | Location: https://www.linkedin.com/company/eicra-soft-limited/?originalSubdomain=bd,,,,,eicra.com,578; 1178,2,NO,,YES,Company name inferred from domain/LinkedIn/email,YES,MONITOR_READY
C0935,Elevateltd,domain_inferred,,https://www.elevateltd.net/about/career/,,career@elevateltd.net,,,,,,Tech Stack: https://www.elevateltd.net/about/career/ | Is Applied: yes | Re Apply Count: 22 Jun-e,,,,,elevateltd.net,1119,1,NO,,YES,Company name inferred from domain/LinkedIn/email,YES,MONITOR_READY
C0159,ELO (Embedded Logic Operations),explicit,https://elo.com.bd,,,,,,,,not loading,Comment: site is not loading,https://elo.com.bd/,,,,elo.com.bd,216; 1253,2,YES,Multiple different explicit company names merged,NO,,YES,MANUAL_REVIEW
C0972,Emerald,domain_inferred,,http://www.emerald.com.bd/career.html,,emeraldtechno@gmail.com,,,,,,Tech Stack: emeraldtechno@gmail.com | Is Applied: yes,,,,,emerald.com.bd,1163,1,NO,,YES,Company name inferred from domain/LinkedIn/email,YES,MONITOR_READY
C0237,Emslbd,domain_inferred,,https://www.emslbd.com/careers/,,emslbd2014@gmail.com,,,,,,Tech Stack: emslbd2014@gmail.com,,,,,emslbd.com,337,1,NO,,YES,Company name inferred from domain/LinkedIn/email,YES,MONITOR_READY
C0222,Emythmakers,domain_inferred,https://www.emythmakers.com/team,,,armin@emythmakers.com,,,,,,Tech Stack: hr email | Openning: https://www.emythmakers.com/team,,,,,emythmakers.com,322,1,NO,,YES,Company name inferred from domain/LinkedIn/email,YES,FIND_CAREER_PAGE
C0573,Encode,domain_inferred,,https://encode.asia/careers/,,hr@encode.asia,,,,,planning,Is Applied: planning | Location: https://encode.asia/careers/,,,,,encode.asia,700,1,NO,,YES,Company name inferred from domain/LinkedIn/email,YES,MONITOR_READY
C0126,Encoder IT Limited,explicit,,,,,,,,,,,,,,,,164,1,YES,Source review: name_only_no_url_email,YES,Missing company/career website,YES,MANUAL_REVIEW
C0836,Encoderit,domain_inferred,https://encoderit.net/,,https://www.linkedin.com/company/encoder-it/?originalSubdomain=bd,,,,16.0,,,Tech Stack: https://encoderit.net/ | Specialization They Need: cool company | Years of Exp want: 16 emp,,,,,encoderit.net,996,1,NO,,YES,Company name inferred from domain/LinkedIn/email,YES,FIND_CAREER_PAGE
C0447,"engergy, power",explicit,,https://www.addiesoft.com/career,,,,,,,,Openning: may be cool | Location: https://www.addiesoft.com/career,,,,,addiesoft.com,564,1,YES,Source review: note_or_manual_review,NO,,YES,MANUAL_REVIEW
C0050,Enosis Solutions,explicit,https://www.enosisbd.com/,,,,,,,,,,https://www.enosisbd.com,,,,enosisbd.com,66; 265,2,NO,,NO,,YES,FIND_CAREER_PAGE
C0379,Epark IT,domain_inferred,,https://epark-it.com/career/,,,,,,,,,,,,,epark-it.com,486,1,NO,,YES,Company name inferred from domain/LinkedIn/email,YES,MONITOR_READY
C0461,Era Infotech Ltd,linkedin_inferred,,,https://www.linkedin.com/company/era-infotech-ltd/?originalSubdomain=bd,,,,,,,,,,,,,582,1,NO,,YES,Company name inferred from domain/LinkedIn/email; Missing company/career website,YES,ENRICH_FROM_LINKEDIN
C0313,Erp,domain_inferred,,https://erp.com.bd/web/career,,,,,,,,,,,,,erp.com.bd,417,1,NO,,YES,Company name inferred from domain/LinkedIn/email,YES,MONITOR_READY
C0660,Esl.com.bd,linkedin_inferred,,,https://www.linkedin.com/company/esl.com.bd/,,,,,1/204,,Specialization They Need: 1 of 204 (raji),,,,,,802,1,NO,,YES,Company name inferred from domain/LinkedIn/email; Missing company/career website,YES,ENRICH_FROM_LINKEDIN
C0437,Esoftarena Ltd.,linkedin_inferred,,,https://www.linkedin.com/company/esoftarena-ltd./?originalSubdomain=bd,,,,,,,,,,,,,552,1,NO,,YES,Company name inferred from domain/LinkedIn/email; Missing company/career website,YES,ENRICH_FROM_LINKEDIN
C0562,Esquire Technology Ltd,linkedin_inferred,,,https://www.linkedin.com/company/esquire-technology-ltd/,,,,,1/12,,Specialization They Need: 1 out of 12 (backend),,,,,,689,1,NO,,YES,Company name inferred from domain/LinkedIn/email; Missing company/career website,YES,ENRICH_FROM_LINKEDIN
C1031,Essential Infotech,domain_inferred,https://www.essential-infotech.com/,,https://www.linkedin.com/company/essential-infotech/,,,,,,,Tech Stack: https://www.essential-infotech.com/,,,,,essential-infotech.com,1242,1,NO,,YES,Company name inferred from domain/LinkedIn/email,YES,FIND_CAREER_PAGE
C0769,Esteemsoftbd,domain_inferred,,https://esteemsoftbd.com/career/#internship,,hr@esteemsoftbd.com,,,,,,Tech Stack: internship | Is Applied: yes | Location: https://esteemsoftbd.com/career/#internship,,,,,esteemsoftbd.com,916,1,NO,,YES,Company name inferred from domain/LinkedIn/email,YES,MONITOR_READY
C0948,Ethertech,domain_inferred,,https://www.ethertech.ltd/job-openings/,,,,,,,,Is Applied: yes,,,,,ethertech.ltd,1133,1,NO,,YES,Company name inferred from domain/LinkedIn/email,YES,MONITOR_READY
C1021,Etl,domain_inferred,,https://www.etl.com.bd/career,,,,,,,no opening,Openning: no opening rn,,,,,etl.com.bd,1230,1,NO,,YES,Company name inferred from domain/LinkedIn/email,YES,MONITOR_READY
C0859,Etlimited,domain_inferred,https://www.etlimited.net/,,,,,cyber,,,,Tech Stack: cyber secuirity,,,,,etlimited.net,1022,1,NO,,YES,Company name inferred from domain/LinkedIn/email,YES,FIND_CAREER_PAGE
C0993,Euitsols,domain_inferred,https://euitsols.com/bangladesh/,,,,,,,,"hiring, no hiring, no hiring page",Tech Stack: no hiring page found,,,,,euitsols.com,1194,1,NO,,YES,Company name inferred from domain/LinkedIn/email,YES,FIND_CAREER_PAGE
C0256,Eurosiatechnologies,domain_inferred,,https://eurosiatechnologies.com/careers,,,,,,,outdated,Tech Stack: seems outdated,,,,,eurosiatechnologies.com,356,1,NO,,YES,Company name inferred from domain/LinkedIn/email,YES,MONITOR_READY
C0110,Evaly,explicit,https://evaly.com.bd,,,,,,,,,,,,,,evaly.com.bd,144,1,NO,,NO,,YES,FIND_CAREER_PAGE
C0770,Evatix,domain_inferred,,https://www.evatix.com/careers.html,,,,,,,,Tech Stack: Paid Design & Motion Internship,,,,,evatix.com,917,1,NO,,YES,Company name inferred from domain/LinkedIn/email,YES,MONITOR_READY
C0853,Ewn BD,domain_inferred,,https://ewn-bd.com/career,,,,django,,,,Tech Stack: django,,,,,ewn-bd.com,1016,1,NO,,YES,Company name inferred from domain/LinkedIn/email,YES,MONITOR_READY
C0306,Eworldbd,domain_inferred,https://eworldbd.com/,,,,,,,,,Tech Stack: not that good .. but product based may be,,,,,eworldbd.com,409,1,NO,,YES,Company name inferred from domain/LinkedIn/email,YES,FIND_CAREER_PAGE
C0111,Exabyting Technologies,explicit,https://exabyting.com,,,,,,,,,,,,,,exabyting.com,145,1,NO,,NO,,YES,FIND_CAREER_PAGE
C0312,Excelbd,domain_inferred,,https://www.excelbd.com/career/,,,,,,,,Tech Stack: intern,,,,,excelbd.com,416,1,NO,,YES,Company name inferred from domain/LinkedIn/email,YES,MONITOR_READY
C0639,Eyevary Limited,linkedin_inferred,,,https://www.linkedin.com/company/eyevary-limited/,jobs@eyevary.com,,,,1/3,,Tech Stack: jobs@eyevary.com | Specialization They Need: 1 of 3 | Years of Exp want: new,,,,,,781,1,NO,,YES,Company name inferred from domain/LinkedIn/email; Missing company/career website,YES,ENRICH_FROM_LINKEDIN
C0200,Ezzetech,domain_inferred,https://ezzetech.com/,,,,,,,,,,,,,,ezzetech.com,297,1,NO,,YES,Company name inferred from domain/LinkedIn/email,YES,FIND_CAREER_PAGE
C0672,Ezzy Automations Ltd,linkedin_inferred,,,https://www.linkedin.com/company/ezzy-automations-ltd/,,,,,1/69,,Openning: Automation | Specialization They Need: 1 of 69,,,,,,814,1,NO,,YES,Company name inferred from domain/LinkedIn/email; Missing company/career website,YES,ENRICH_FROM_LINKEDIN
C0684,Fair Pattern,linkedin_inferred,,,https://www.linkedin.com/company/fair-pattern/,,,,,2/14,,Specialization They Need: 2 of 14,,,,,,828,1,NO,,YES,Company name inferred from domain/LinkedIn/email; Missing company/career website,YES,ENRICH_FROM_LINKEDIN
C0486,Fakirtechnologies,domain_inferred,https://www.fakirtechnologies.com/ftl-career/,,https://www.linkedin.com/company/fakir-technologies-limited/,,,,,2/42,no opening,Tech Stack: https://www.fakirtechnologies.com/ftl-career/ | Openning: 2 of 42 | Specialization They Need: no opening rn,,,,,fakirtechnologies.com,612,1,NO,,YES,Company name inferred from domain/LinkedIn/email,YES,FIND_CAREER_PAGE
C0801,Faqdhaka,domain_inferred,https://www.faqdhaka.com/about/,,,mahfuj@faqi.com.au,,,,,promising,Tech Stack: promising | Openning: try | Specialization They Need: https://www.facebook.com/FAQPrivateLimited | Years of Exp want: mahfuj@faqi.com.au,,,,,faqdhaka.com,953,1,NO,,YES,Company name inferred from domain/LinkedIn/email,YES,FIND_CAREER_PAGE
C0243,Faraitltd,domain_inferred,https://join.faraitltd.com/,,,,,,,,,,,,,,faraitltd.com,343,1,NO,,YES,Company name inferred from domain/LinkedIn/email,YES,FIND_CAREER_PAGE
C0070,Farnex,explicit,https://farnex.com/,,,,,,,,,Comment: Issue,https://farnex.com,,,,farnex.com,91; 1258,2,NO,,NO,,YES,FIND_CAREER_PAGE
C0580,Fastbd,domain_inferred,,https://www.fastbd.co/careers.html,https://www.linkedin.com/company/fastbd/,,,,3.0,,,Tech Stack: aviation solution | Openning: 3 emp | Location: https://www.fastbd.co/careers.html,,,,,fastbd.co,707,1,NO,,YES,Company name inferred from domain/LinkedIn/email,YES,MONITOR_READY
C0592,Fastflowup,domain_inferred,,https://fastflowup.com/careers/,https://www.linkedin.com/company/fastflowup/?originalSubdomain=au,,,,,2/12,,Tech Stack: https://fastflowup.com/careers/ | Specialization They Need: 2 of 12,,,,,fastflowup.com,719,1,NO,,YES,Company name inferred from domain/LinkedIn/email,YES,MONITOR_READY
C0406,Fcblbd,linkedin_inferred,,,https://www.linkedin.com/company/fcblbd/,,,,13.0,,,Specialization They Need: 13 emp | Re Apply Count: need to check,,,,,,518,1,NO,,YES,Company name inferred from domain/LinkedIn/email; Missing company/career website,YES,ENRICH_FROM_LINKEDIN
C0995,Featheruniverse,domain_inferred,https://featheruniverse.com/service/web-development,,,,mohammadpur,"mysql, php",,,"hiring, no hiring, no hiring page",Openning: php mysql | Specialization They Need: Mohammadpur | Years of Exp want: no hiring page found,,,,,featheruniverse.com,1197,1,NO,,YES,Company name inferred from domain/LinkedIn/email,YES,FIND_CAREER_PAGE
C0289,Feenixlab,domain_inferred,,https://www.feenixlab.com/career#open_table,,,,,,,,Openning: no job found,,,,,feenixlab.com,392,1,NO,,YES,Company name inferred from domain/LinkedIn/email,YES,MONITOR_READY
C0382,Fiberathome,domain_inferred,,https://www.fiberathome.net/career,,,,,,,,,,,,,fiberathome.net,490,1,NO,,YES,Company name inferred from domain/LinkedIn/email,YES,MONITOR_READY
C0033,Field,domain_inferred,https://field.buzz/,,,,,,,,,,,,,,field.buzz,49,1,NO,,YES,Company name inferred from domain/LinkedIn/email,YES,FIND_CAREER_PAGE
C0142,Field Buzz,explicit,,,,,,,,,,,,,,,,193,1,YES,Source review: name_only_no_url_email,YES,Missing company/career website,YES,MANUAL_REVIEW
C0934,Fifo Tech,domain_inferred,https://www.fifo-tech.com/,,,,,,,,,Is Applied: yes | Re Apply Count: 22 Jun-e,,,,,fifo-tech.com,1118,1,NO,,YES,Company name inferred from domain/LinkedIn/email,YES,FIND_CAREER_PAGE
C0176,FiftyTwo Digital,explicit,https://fiftytwodigital.com,https://fiftytwodigital.com/careers/,,contact@fiftytwo.com,,c++,,,not loading,Tech Stack: c c++ || Comment: site is not loading | mail to: contact@fiftytwo.com,https://fiftytwodigital.com/,,,,fiftytwodigital.com,246; 601; 1263,3,NO,,NO,,YES,MONITOR_READY
C0872,Figlab,domain_inferred,,https://figlab.io/career/,,,,php,,,,Openning: php,,,,,figlab.io,1040,1,NO,,YES,Company name inferred from domain/LinkedIn/email,YES,MONITOR_READY
C0710,Finalytics,domain_inferred,,https://finalytics.org/career.html,,,,,,,,Tech Stack: form unavailable | Specialization They Need: images of many emp,,,,,finalytics.org,854,1,NO,,YES,Company name inferred from domain/LinkedIn/email,YES,MONITOR_READY
C0735,Finva Soft Limited,linkedin_inferred,,,https://www.linkedin.com/company/finva-soft-limited/,,,,2.0,,,Specialization They Need: 2 emp,,,,,,879,1,NO,,YES,Company name inferred from domain/LinkedIn/email; Missing company/career website,YES,ENRICH_FROM_LINKEDIN
C0854,Fitl,domain_inferred,,https://fitl.com.bd/job-post/,,,,"laravel, python",,,,Tech Stack: python laravel,,,,,fitl.com.bd,1017,1,NO,,YES,Company name inferred from domain/LinkedIn/email,YES,MONITOR_READY
C0145,Flyte Solutions,explicit,https://www.flytesolutions.com/company/,https://flytesolutions.com/career/,https://www.linkedin.com/company/flytesolutions/,,,,14.0,,planning,Tech Stack: https://www.flytesolutions.com/company/ | Openning: 51-200 | Specialization They Need: sorry may be only 14 emp | Is Applied: planning || Comment: backend but not found,https://flytesolutions.com/,,,,flytesolutions.com,196; 999; 1303,3,YES,Source review: name_only_no_url_email,NO,,YES,MANUAL_REVIEW
C0119,Foodpanda Bangladesh,explicit,,,,,,,,,,,,,,,,157,1,YES,Source review: name_only_no_url_email,YES,Missing company/career website,YES,MANUAL_REVIEW
C0880,Foresight IT,domain_inferred,,https://foresight-it.net/careers/,,,mirpur,php,,,,Tech Stack: php | Openning: mirpur,,,,,foresight-it.net,1050,1,NO,,YES,Company name inferred from domain/LinkedIn/email,YES,MONITOR_READY
C0742,Foundersheba,domain_inferred,https://www.foundersheba.com/,,https://www.linkedin.com/company/foundersheba/,,,,4.0,,,Tech Stack: https://www.foundersheba.com/ | Specialization They Need: 4 emp,,,,,foundersheba.com,887,1,NO,,YES,Company name inferred from domain/LinkedIn/email,YES,FIND_CAREER_PAGE
C0711,Freelancershub,linkedin_inferred,,,https://www.linkedin.com/company/freelancershub/,,,,10.0,,,Specialization They Need: 10 emp,,,,,,855,1,NO,,YES,Company name inferred from domain/LinkedIn/email; Missing company/career website,YES,ENRICH_FROM_LINKEDIN
C0505,Fridaysoft,linkedin_inferred,,,https://www.linkedin.com/company/fridaysoft/?originalSubdomain=bd,,,,4.0,,,Specialization They Need: 4 emp | Years of Exp want: cool,,,,,,631,1,NO,,YES,Company name inferred from domain/LinkedIn/email; Missing company/career website,YES,ENRICH_FROM_LINKEDIN
C0524,Frontech,domain_inferred,,https://frontech.global/career/,,,,,,,hiring,"Tech Stack: hiring net security eng, executive it",,,,,frontech.global,651,1,NO,,YES,Company name inferred from domain/LinkedIn/email,YES,MONITOR_READY
C0502,Fsb,domain_inferred,https://www.fsb.site/,,,,,,,,,,,,,,fsb.site,628,1,NO,,YES,Company name inferred from domain/LinkedIn/email,YES,FIND_CAREER_PAGE
C0856,fsnitsolution,explicit,,,,,,cyber,,,,Tech Stack: cyber sequrity,,,,,,1019,1,YES,Source review: name_only_no_url_email,YES,Missing company/career website,YES,MANUAL_REVIEW
C0127,Future Flow IT,explicit,,,,,,,,,,,,,,,,165,1,YES,Source review: name_only_no_url_email,YES,Missing company/career website,YES,MANUAL_REVIEW
C0587,G10 Infotech Limited,linkedin_inferred,,,https://www.linkedin.com/company/g10-infotech-limited/,,,,,1/7,,Specialization They Need: 1 of 7,,,,,,714,1,NO,,YES,Company name inferred from domain/LinkedIn/email; Missing company/career website,YES,ENRICH_FROM_LINKEDIN
C0216,G8ict,email_inferred,,,,hr@g8ict.com,,,,,,Tech Stack: issue,,,,,,316,1,YES,Source review: contact_only,YES,Company name inferred from domain/LinkedIn/email; Missing company/career website,YES,MANUAL_REVIEW
C1050,Gain Solution,explicit,https://career.gainhq.com/,,,,,"flutter, node js",,,,"Comment: Node js, Flutter | People Work There: big issue .. firing .. bad",,,,,gainhq.com,1298,1,NO,,NO,,YES,FIND_CAREER_PAGE
C0723,Gamma Innovation Ltd,linkedin_inferred,,,https://www.linkedin.com/company/gamma-innovation-ltd/?originalSubdomain=bd,,,,9.0,,,Specialization They Need: 9 emp,,,,,,867,1,NO,,YES,Company name inferred from domain/LinkedIn/email; Missing company/career website,YES,ENRICH_FROM_LINKEDIN
C0068,GDC Services,explicit,https://gdc-services.com/,,,,,,,,,,,,,,gdc-services.com,89,1,NO,,NO,,YES,FIND_CAREER_PAGE
C0927,Genesesolution,domain_inferred,,https://www.genesesolution.com/career/,,,,,,,,Is Applied: yes | Re Apply Count: 20 June,,,,,genesesolution.com,1111,1,NO,,YES,Company name inferred from domain/LinkedIn/email,YES,MONITOR_READY
C0065,Genesys,explicit,https://www.genesys.com/,,,,,,,,,,,,,,genesys.com,86,1,NO,,NO,,YES,FIND_CAREER_PAGE
C0019,Genex Infosys,explicit,https://genexinfosys.com/,https://genexinfosys.com/position.php,,,,php,,,,Tech Stack: Want Seniors | Location: https://genexinfosys.com/position.php,https://genexinfosys.com,https://www.genexinfosys.com/career,,,genexinfosys.com,35; 205; 511,3,NO,,NO,,YES,MONITOR_READY
C0725,Genieinfotech,linkedin_inferred,,,https://www.linkedin.com/company/genieinfotech/?originalSubdomain=bd,,,,10.0,,,Specialization They Need: 10 emp,,,,,,869,1,NO,,YES,Company name inferred from domain/LinkedIn/email; Missing company/career website,YES,ENRICH_FROM_LINKEDIN
C0777,Genius Farms,domain_inferred,,https://genius-farms.com/career,,,,,,,,Tech Stack: nice office may be :3,,,,,genius-farms.com,927,1,NO,,YES,Company name inferred from domain/LinkedIn/email,YES,MONITOR_READY
C0751,Genuine Technology & Research Ltd,linkedin_inferred,,,https://www.linkedin.com/company/genuine-technology-&-research-ltd-/?originalSubdomain=bd,,,,,,,Specialization They Need: CTG,,,,,,896,1,NO,,YES,Company name inferred from domain/LinkedIn/email; Missing company/career website,YES,ENRICH_FROM_LINKEDIN
C0436,Genweb2,domain_inferred,https://genweb2.com/,https://career.genweb2.com/jobs,,,,qa,,,hiring,Openning: hiring ui odo qa | Location: https://career.genweb2.com/jobs,,,,,genweb2.com,551,1,YES,Source review: multiple_domains,YES,Company name inferred from domain/LinkedIn/email,YES,MANUAL_REVIEW
C0961,"Get Web, Inc.",explicit,https://getwebinc.com,https://getwebinc.com/careers/,,careers@getwebinc.com,,wordpress,,,,Tech Stack: careers@getwebinc.com | Years of Exp want: mailed | Is Applied: yes || Comment: Wordpress may be,https://getwebinc.com/,,,,getwebinc.com,1150; 1293,2,NO,,NO,,YES,MONITOR_READY
C0545,Gfggit,domain_inferred,,https://gfggit.com/about/career,,,,salesforce,,,,Tech Stack: salesforce,,,,,gfggit.com,672,1,NO,,YES,Company name inferred from domain/LinkedIn/email,YES,MONITOR_READY
C0783,Ghitbd,email_inferred,,,,info@ghitbd.com,,nodejs,,,,Openning: not sure abt nodejs | Years of Exp want: try,,,,,,933,1,YES,Source review: contact_only,YES,Company name inferred from domain/LinkedIn/email; Missing company/career website,YES,MANUAL_REVIEW
C0484,Giftyplatform,linkedin_inferred,,,https://www.linkedin.com/company/giftyplatform/,,,,,2/13,,Openning: 2 of 13,,,,,,610,1,NO,,YES,Company name inferred from domain/LinkedIn/email; Missing company/career website,YES,ENRICH_FROM_LINKEDIN
C1041,Giga Tech,explicit,https://gigattech.com/,,,,,,,,not loading,Comment: not backend related ( Issue ) || Comment: not loading,https://gigatech.com,,,,gigattech.com; gigatech.com,1265; 1273,2,YES,Multiple corporate domains,NO,,YES,MANUAL_REVIEW
C0831,Gigalogy,domain_inferred,,https://gigalogy.com/career,https://www.linkedin.com/company/gigalogy/,,,,35.0,,,Openning: shei | Years of Exp want: 35 emp | Location: https://www.linkedin.com/company/gigalogy/,,,,,gigalogy.com,990,1,NO,,YES,Company name inferred from domain/LinkedIn/email,YES,MONITOR_READY
C0722,Glascutr Limited,linkedin_inferred,,,https://www.linkedin.com/company/glascutr-limited/,,,,7.0,,,Specialization They Need: 7 emp,,,,,,866,1,NO,,YES,Company name inferred from domain/LinkedIn/email; Missing company/career website,YES,ENRICH_FROM_LINKEDIN
C0579,Global Mediklaud BD Limited,linkedin_inferred,,,https://www.linkedin.com/company/global-mediklaud-bd-limited/?originalSubdomain=bd,,,,11.0,,,Openning: 11 emp,,,,,,706,1,NO,,YES,Company name inferred from domain/LinkedIn/email; Missing company/career website,YES,ENRICH_FROM_LINKEDIN
C0303,Globalbrand,domain_inferred,https://www.globalbrand.com.bd/contact-us,,,,,,,,,,,,,,globalbrand.com.bd,406,1,NO,,YES,Company name inferred from domain/LinkedIn/email,YES,FIND_CAREER_PAGE
C0585,Gloria Tech Ltd,linkedin_inferred,,,https://www.linkedin.com/company/gloria-tech-ltd/?originalSubdomain=bd,,,wordpress,3.0,,,Tech Stack: wordpress | Openning: 3 emp,,,,,,712,1,NO,,YES,Company name inferred from domain/LinkedIn/email; Missing company/career website,YES,ENRICH_FROM_LINKEDIN
C0678,Gnisbd,linkedin_inferred,,,https://www.linkedin.com/company/gnisbd/?originalSubdomain=bd,,,,,5/16,,Specialization They Need: 5 of 16,,,,,,821,1,NO,,YES,Company name inferred from domain/LinkedIn/email; Missing company/career website,YES,ENRICH_FROM_LINKEDIN
C0594,Goinnovior,domain_inferred,,https://www.goinnovior.com/jobs-details/full-stack-developer/,https://www.linkedin.com/company/goinnovior/?originalSubdomain=bd,,,,,6/62,planning,Openning: fullstack | Specialization They Need: 6 out of 62 | Is Applied: planning | Location: https://www.linkedin.com/company/goinnovior/?originalSubdomain=bd,,,,,goinnovior.com,721,1,NO,,YES,Company name inferred from domain/LinkedIn/email,YES,MONITOR_READY
C0451,Goldenharvestbd,domain_inferred,,https://www.goldenharvestbd.com/jobs/application-form/,,,,,,,planning,Is Applied: planning,,,,,goldenharvestbd.com,568,1,NO,,YES,Company name inferred from domain/LinkedIn/email,YES,MONITOR_READY
C0900,Goldeninfosystems,domain_inferred,,https://goldeninfosystems.com/career/,,,,python,,,hiring,Tech Stack: python hiring,,,,,goldeninfosystems.com,1074,1,NO,,YES,Company name inferred from domain/LinkedIn/email,YES,MONITOR_READY
C1007,Graaho,domain_inferred,https://career.graaho.net/,,,,,,,,no opening,Openning: no opening rn,,,,,graaho.net,1211,1,NO,,YES,Company name inferred from domain/LinkedIn/email,YES,FIND_CAREER_PAGE
C0209,Grameen,email_inferred,,,,gc@grameen.org,,,,,,Tech Stack: shud khor younus | Location: send cv,,,,,,306,1,YES,Source review: contact_only,YES,Company name inferred from domain/LinkedIn/email; Missing company/career website,YES,MANUAL_REVIEW
C0077,Grand IT,explicit,,https://www.grandit.us/career,,,,,,,,,,,,,grandit.us,101,1,NO,,NO,,YES,MONITOR_READY
C0078,Great IT,explicit,https://greatitbd.com/,,,,,,,,,,,,,,greatitbd.com,102,1,NO,,NO,,YES,FIND_CAREER_PAGE
C0532,Greenfeather,domain_inferred,https://greenfeather.tech/,,https://www.linkedin.com/company/green-feather-technologies-ltd/,,,,5.0,,,Openning: 5 emp | Location: https://greenfeather.tech/,,,,,greenfeather.tech,659,1,NO,,YES,Company name inferred from domain/LinkedIn/email,YES,FIND_CAREER_PAGE
C1039,Grit Technologies,explicit,https://grit.tech/,,,,,,,,not loading,Comment: site is not loading || Comment: can not find urll,https://grit.tech,,,,grit.tech,1256; 1308,2,NO,,NO,,YES,FIND_CAREER_PAGE
C0846,Gtechx,domain_inferred,https://gtechx.com/,,,,,,,,,Openning: cool color in hero section,,,,,gtechx.com,1008,1,NO,,YES,Company name inferred from domain/LinkedIn/email,YES,FIND_CAREER_PAGE
C0578,Guest Posting Get Best Offer Here,linkedin_inferred,,,https://www.linkedin.com/company/guest-posting-get-best-offer-here/people/,,,,,,,Openning: SEO,,,,,,705,1,NO,,YES,Company name inferred from domain/LinkedIn/email; Missing company/career website,YES,ENRICH_FROM_LINKEDIN
C0603,Gvmonitoring,domain_inferred,,https://gvmonitoring.com/career/,,,,,,,,Tech Stack: found one aiub guy Kawsar Hamid,,,,,gvmonitoring.com,730,1,NO,,YES,Company name inferred from domain/LinkedIn/email,YES,MONITOR_READY
C0252,Hajcorporation,domain_inferred,,https://www.hajcorporation.com/careers,,,,,,,,Openning: IT,,,,,hajcorporation.com,352,1,NO,,YES,Company name inferred from domain/LinkedIn/email,YES,MONITOR_READY
C0544,Halhtime Digital,linkedin_inferred,,,https://www.linkedin.com/company/halhtime-digital/?originalSubdomain=bd,,,,2.0,,,Specialization They Need: 2 emp,,,,,,671,1,NO,,YES,Company name inferred from domain/LinkedIn/email; Missing company/career website,YES,ENRICH_FROM_LINKEDIN
C0966,Hamko Ict,domain_inferred,https://www.hamko-ict.com/,,,,,,,,,Is Applied: mail address not found,,,,,hamko-ict.com,1157,1,NO,,YES,Company name inferred from domain/LinkedIn/email,YES,FIND_CAREER_PAGE
C0909,Harrisdigital,domain_inferred,https://www.harrisdigital.io/our-team/,,https://www.linkedin.com/in/rafiqul-islam-16a21259/,,,php,,,,Tech Stack: https://www.linkedin.com/in/rafiqul-islam-16a21259/ | Specialization They Need: WWS - opportunity work with senior | Years of Exp want: php,,,,,harrisdigital.io,1084,1,NO,,YES,Company name inferred from domain/LinkedIn/email,YES,FIND_CAREER_PAGE
C0493,hatechz,explicit,,,,,,,,,,,,,,,,619,1,YES,Source review: name_only_no_url_email,YES,Missing company/career website,YES,MANUAL_REVIEW
C0318,Hawarit,domain_inferred,https://www.hawarit.com/submit-your-cv/,https://www.hawarit.com/career-at-hawarit/,,,,"django, dot net",,,,Comment: django dot net,,,,,hawarit.com,423; 1297,2,NO,,YES,Company name inferred from domain/LinkedIn/email,YES,MONITOR_READY
C0655,Hawarit,linkedin_inferred,,,https://www.linkedin.com/company/hawarit/,,,,,3/84,,Specialization They Need: 3 out of 84,,,,,,797,1,NO,,YES,Company name inferred from domain/LinkedIn/email; Missing company/career website,YES,ENRICH_FROM_LINKEDIN
C0941,Hawkeyesdigital,domain_inferred,,https://www.hawkeyesdigital.com/career/,,,,,,,,Is Applied: yes | Re Apply Count: 22 Jun-e,,,,,hawkeyesdigital.com,1126,1,NO,,YES,Company name inferred from domain/LinkedIn/email,YES,MONITOR_READY
C0287,Hayatisoft,domain_inferred,,https://hayatisoft.com/career/,,,,,,,,Tech Stack: may be they dont work with software,,,,,hayatisoft.com,390,1,NO,,YES,Company name inferred from domain/LinkedIn/email,YES,MONITOR_READY
C0367,Head Blocks,domain_inferred,https://www.head-blocks.com/about/life-at-headblocks.html,,,,,,,,interesting,Openning: interesting,,,,,head-blocks.com,474,1,NO,,YES,Company name inferred from domain/LinkedIn/email,YES,FIND_CAREER_PAGE
C0267,Headless,domain_inferred,,https://www.headless.ltd/career#htl_job_list,,,,,,,,,,,,,headless.ltd,368,1,NO,,YES,Company name inferred from domain/LinkedIn/email,YES,MONITOR_READY
C0205,Healthosbd,email_inferred,,,,info@healthosbd.com,,django,,,,Tech Stack: django,,,,,,302,1,YES,Source review: contact_only,YES,Company name inferred from domain/LinkedIn/email; Missing company/career website,YES,MANUAL_REVIEW
C0832,Hellotask,domain_inferred,https://www.hellotask.app/,,,,,,,,interesting,Tech Stack: Interesting cool app,,,,,hellotask.app,991,1,NO,,YES,Company name inferred from domain/LinkedIn/email,YES,FIND_CAREER_PAGE
C0540,Hkitltd,domain_inferred,https://hkitltd.com/,,https://www.linkedin.com/company/hk-it-ltd/?originalSubdomain=bd,,,,4.0,,,Openning: 4 emp | Location: https://hkitltd.com/,,,,,hkitltd.com,667,1,NO,,YES,Company name inferred from domain/LinkedIn/email,YES,FIND_CAREER_PAGE
C0734,Hostscheap,linkedin_inferred,,,https://www.linkedin.com/company/hostscheap/?originalSubdomain=sg,,,,3.0,,,Specialization They Need: 3 emp,,,,,,878,1,NO,,YES,Company name inferred from domain/LinkedIn/email; Missing company/career website,YES,ENRICH_FROM_LINKEDIN
C0247,Hrsoftbd,domain_inferred,,https://hrsoftbd.com/site/career,,,,,,,,,,,,,hrsoftbd.com,347,1,NO,,YES,Company name inferred from domain/LinkedIn/email,YES,MONITOR_READY
C0160,Hsenid Mobile Solutions,explicit,https://www.hsenidmobile.com,https://hsenidmobile.com/careers/,https://www.linkedin.com/company/hsenid-mobile-solutions/,,,,,1/11,hiring,Openning: not hiring rn | Specialization They Need: 1 of 11 | Location: https://www.linkedin.com/company/hsenid-mobile-solutions/,,,,,hsenidmobile.com,217; 1221,2,NO,,NO,,YES,MONITOR_READY
C0986,Hstcl,email_inferred,,,,career@hstcl.com,,,,,,,,,,,,1180,1,YES,Source review: contact_only,YES,Company name inferred from domain/LinkedIn/email; Missing company/career website,YES,MANUAL_REVIEW
C0636,Hubartech,domain_inferred,,https://hubartech.com/jobs,,hr@hubartech.com,,,,1/14,,Specialization They Need: 1 of 14 | Location: https://hubartech.com/jobs,,,,,hubartech.com,778,1,NO,,YES,Company name inferred from domain/LinkedIn/email,YES,MONITOR_READY
C0118,HungryNaki,explicit,,,,,,,,,,,,,,,,156,1,YES,Source review: name_only_no_url_email,YES,Missing company/career website,YES,MANUAL_REVIEW
C0453,Hydrusdigitalbd,domain_inferred,,https://hydrusdigitalbd.com/job-openings/,https://www.linkedin.com/company/hydrus-digital/,,,,,,"hiring, planning",Openning: hiring | Is Applied: planning | Re Apply Count: need to check | Location: https://www.linkedin.com/company/hydrus-digital/,,,,,hydrusdigitalbd.com,572,1,NO,,YES,Company name inferred from domain/LinkedIn/email,YES,MONITOR_READY
C0128,Hypertag Solutions,explicit,https://hypertagsolutions.com,,,,,,,,,Comment: Issue,https://hypertagsolutions.com/,,,,hypertagsolutions.com,166; 1290,2,NO,,NO,,YES,FIND_CAREER_PAGE
C0542,Hypetechbd,domain_inferred,,https://hypetechbd.com/careers/,,career@hypetechbd.com,,,,,planning,Is Applied: planning | Location: https://hypetechbd.com/careers/,,,,,hypetechbd.com,669,1,NO,,YES,Company name inferred from domain/LinkedIn/email,YES,MONITOR_READY
C0025,IBCS-PRIMAX Software (BD) Ltd,explicit,https://www.ibcs-primax.com/,,,,,,,,career not found,Tech Stack: update last 18 career not found | Location: https://www.ibcs-primax.com/,https://www.ibcs-primax.com,,,,ibcs-primax.com,41; 238,2,NO,,NO,,YES,FIND_CAREER_PAGE
C0021,iBOS Ltd,explicit,https://ibos.io/,https://ibos.io/career/,,,,,,,,Location: https://ibos.io/career/,https://ibos.io,,,,ibos.io,37; 240,2,NO,,NO,,YES,MONITOR_READY
C0606,Icebreakers,domain_inferred,,https://icebreakers.tech/career/,,,,,,,,Tech Stack: 1 of,,,,,icebreakers.tech,733,1,NO,,YES,Company name inferred from domain/LinkedIn/email,YES,MONITOR_READY
C0557,Icebreakers Limited,linkedin_inferred,,,https://www.linkedin.com/company/icebreakers-limited/,,,,,1/9,,Openning: 1 of 9 (HR),,,,,,684,1,NO,,YES,Company name inferred from domain/LinkedIn/email; Missing company/career website,YES,ENRICH_FROM_LINKEDIN
C0957,Iciclecorporation,domain_inferred,https://iciclecorporation.com/Welcome/contact,,,,,,,,,Is Applied: yes,,,,,iciclecorporation.com,1143,1,NO,,YES,Company name inferred from domain/LinkedIn/email,YES,FIND_CAREER_PAGE
C0354,Icliquebd,domain_inferred,https://www.icliquebd.com/index.html,,,,,,,,,,,,,,icliquebd.com,461,1,NO,,YES,Company name inferred from domain/LinkedIn/email,YES,FIND_CAREER_PAGE
C0291,Ierpltd,domain_inferred,https://www.ierpltd.com/#contact,,,ierpbd@gmail.com,,nodejs,,,,Openning: not sure abt nodejs | Location: ierpbd@gmail.com,,,,,ierpltd.com,394,1,NO,,YES,Company name inferred from domain/LinkedIn/email,YES,FIND_CAREER_PAGE
C0324,Ifadgroup,email_inferred,,,,hr@ifadgroup.com,,,,,,,,,,,,429,1,YES,Source review: contact_only,YES,Company name inferred from domain/LinkedIn/email; Missing company/career website,YES,MANUAL_REVIEW
C0052,iFarmer,explicit,https://ifarmer.asia/,,,,,,,,,,https://ifarmer.asia,,,,ifarmer.asia,70; 227,2,NO,,NO,,YES,FIND_CAREER_PAGE
C0353,Iftisoft,domain_inferred,https://iftisoft.com/,,,,aftabnagar,,,,"hiring, no hiring, no hiring page",Openning: Aftabnagar | Specialization They Need: no hiring page,,,,,iftisoft.com,460,1,NO,,YES,Company name inferred from domain/LinkedIn/email,YES,FIND_CAREER_PAGE
C0292,Ihealthscreen,domain_inferred,,https://ihealthscreen.org/career,,,,,,,,,,,,,ihealthscreen.org,395,1,NO,,YES,Company name inferred from domain/LinkedIn/email,YES,MONITOR_READY
C1032,Iimdirect,domain_inferred,,https://www.iimdirect.com/careers#join-iimi-cr,,jobs@iimdirect.com,,,,,planning,Tech Stack: Cx Bx BPO Doc Scan | Is Applied: planning | Location: https://www.iimdirect.com/careers#join-iimi-cr,,,,,iimdirect.com,1243,1,NO,,YES,Company name inferred from domain/LinkedIn/email,YES,MONITOR_READY
C0344,Iminds Consulting,domain_inferred,,https://www.iminds-consulting.com/careerdetails02,,,,,,,,Openning: It Audit,,,,,iminds-consulting.com,451,1,NO,,YES,Company name inferred from domain/LinkedIn/email,YES,MONITOR_READY
C0796,Impalaintech,email_inferred,,,,career@impalaintech.com,,,,,must try,Openning: moha khali | Specialization They Need: must try,,,,,,948,1,YES,Source review: contact_only,YES,Company name inferred from domain/LinkedIn/email; Missing company/career website,YES,MANUAL_REVIEW
C0731,Impelitsolutions,domain_inferred,https://www.impelitsolutions.com/,,https://www.linkedin.com/company/impel-it-solutions/?originalSubdomain=nl,,,,,1/13,,Tech Stack: https://www.impelitsolutions.com/ | Specialization They Need: 1 out of 13,,,,,impelitsolutions.com,875,1,NO,,YES,Company name inferred from domain/LinkedIn/email,YES,FIND_CAREER_PAGE
C0091,Implevista,explicit,https://implevista.com,https://www.implevista.com/career,,hr@implevista.com,,,,,,Tech Stack: https://www.implevista.com/career | Is Applied: yes,,,,,implevista.com,122; 494,2,NO,,NO,,YES,MONITOR_READY
C0235,Impressivebd,domain_inferred,,https://www.impressivebd.com/careers/#careers,,,,,,,,Openning: DMT,,,,,impressivebd.com,335,1,NO,,YES,Company name inferred from domain/LinkedIn/email,YES,MONITOR_READY
C0628,Impulse BD Ltd,linkedin_inferred,,,https://www.linkedin.com/company/impulse-bd-ltd/,,,,,1/11,,Openning: 1 of 11 | Specialization They Need: facebook friend,,,,,,769,1,NO,,YES,Company name inferred from domain/LinkedIn/email; Missing company/career website,YES,ENRICH_FROM_LINKEDIN
C0657,Impulsebdltd,domain_inferred,,https://www.impulsebdltd.com/careers/,,careers@impulsebdltd.com,,,,,,Location: careers@impulsebdltd.com,,,,,impulsebdltd.com,799,1,NO,,YES,Company name inferred from domain/LinkedIn/email,YES,MONITOR_READY
C0782,Incrementsinc,domain_inferred,,https://incrementsinc.com/jobs-in-increments,,,,,,,,Openning: cool website .. cool salary | Years of Exp want: try,,,,,incrementsinc.com,932,1,NO,,YES,Company name inferred from domain/LinkedIn/email,YES,MONITOR_READY
C0027,Incrosoft,explicit,https://incrosoft.com/,https://incrosoft.com/careers/apply,,,,,,,,Location: https://incrosoft.com/careers/apply,https://incrosoft.com,,,,incrosoft.com,43; 233,2,NO,,NO,,YES,MONITOR_READY
C0552,Index Companies,domain_inferred,,https://index-companies.com/job/apply,,info@bluebees.ai info@bluebees.xyz info@bluebees.ventures admin@bluebees.ventures,,ai,,,planning,Tech Stack: info@bluebees.ventures | Openning: admin@bluebees.ventures | Is Applied: planning | Re Apply Count: must check https://index-companies.com/job/apply | Location: info@bluebees.xyz,,,,,index-companies.com,679,1,NO,,YES,Company name inferred from domain/LinkedIn/email,YES,MONITOR_READY
C0595,Infernotechbd,domain_inferred,https://infernotechbd.com/contact.html,,,info@infernotechbd.com,,,,,planning,Tech Stack: naya palton | Is Applied: planning | Location: info@infernotechbd.com,,,,,infernotechbd.com,722,1,NO,,YES,Company name inferred from domain/LinkedIn/email,YES,FIND_CAREER_PAGE
C0651,Infinity Technology International Ltd,linkedin_inferred,,,https://www.linkedin.com/company/infinity-technology-international-ltd/,,,,,2/22,,Specialization They Need: 2 of 22,,,,,,793,1,NO,,YES,Company name inferred from domain/LinkedIn/email; Missing company/career website,YES,ENRICH_FROM_LINKEDIN
C0526,Inflamesolutions,domain_inferred,https://www.inflamesolutions.com/gallery#jobs,,,,,,,,planning,Tech Stack: hire junior mid level and senior | Is Applied: planning,,,,,inflamesolutions.com,653,1,NO,,YES,Company name inferred from domain/LinkedIn/email,YES,FIND_CAREER_PAGE
C0857,info@logicandthoughts.com.,explicit,,,,,,"cyber, python",,,,Tech Stack: python | Openning: cyber,,,,,,1020,1,YES,Source review: name_only_no_url_email,YES,Missing company/career website,YES,MANUAL_REVIEW
C0416,Infocrat,domain_inferred,https://infocrat.com.bd/contact/apply-job,,,,,,,,,,,,,,infocrat.com.bd,529,1,NO,,YES,Company name inferred from domain/LinkedIn/email,YES,FIND_CAREER_PAGE
C0675,Infolinkltd,linkedin_inferred,,,https://www.linkedin.com/company/infolinkltd/,,,,,5/23,,Specialization They Need: 5 of 23,,,,,,818,1,NO,,YES,Company name inferred from domain/LinkedIn/email; Missing company/career website,YES,ENRICH_FROM_LINKEDIN
C0400,Inforev Limited,linkedin_inferred,,,https://www.linkedin.com/company/inforev-limited/?originalSubdomain=bd,,,,,,,,,,,,,509,1,NO,,YES,Company name inferred from domain/LinkedIn/email; Missing company/career website,YES,ENRICH_FROM_LINKEDIN
C1049,Information Services Network (ISN),explicit,https://www.isn.com.bd,,,,,,,,not loading,Comment: not loading,,,,,isn.com.bd,1296,1,NO,,NO,,YES,FIND_CAREER_PAGE
C0696,Infosystemltd,domain_inferred,https://infosystemltd.com/,,https://www.linkedin.com/company/infosystem-technology-limited/,,,,15.0,,,Tech Stack: https://infosystemltd.com/ | Specialization They Need: 15 emp,,,,,infosystemltd.com,840,1,NO,,YES,Company name inferred from domain/LinkedIn/email,YES,FIND_CAREER_PAGE
C1009,Infotelebd,domain_inferred,,https://www.infotelebd.com/about-us/career/,,,,,,,no opening,Openning: no opening rn,,,,,infotelebd.com,1214,1,NO,,YES,Company name inferred from domain/LinkedIn/email,YES,MONITOR_READY
C0679,Infratech Consultants,linkedin_inferred,,,https://www.linkedin.com/company/infratech-consultants/,,,,,1/36,,Specialization They Need: 1 of 36 HR,,,,,,822,1,NO,,YES,Company name inferred from domain/LinkedIn/email; Missing company/career website,YES,ENRICH_FROM_LINKEDIN
C0450,Ingen Technology Ltd,linkedin_inferred,,,https://www.linkedin.com/company/ingen-technology-ltd/?originalSubdomain=bd,,,,,,,"Tech Stack: energy, power",,,,,,567,1,NO,,YES,Company name inferred from domain/LinkedIn/email; Missing company/career website,YES,ENRICH_FROM_LINKEDIN
C0393,Initvent,domain_inferred,,https://initvent.com/career/,,,,ai,,,,Tech Stack: AI,,,,,initvent.com,502,1,NO,,YES,Company name inferred from domain/LinkedIn/email,YES,MONITOR_READY
C0523,Innospace,domain_inferred,,https://innospace.tech/career/,,,,"dot net, flutter",,,,"Tech Stack: dot net , mid flutter, senior back end",,,,,innospace.tech,650,1,NO,,YES,Company name inferred from domain/LinkedIn/email,YES,MONITOR_READY
C0567,Innovasoftltd,domain_inferred,,https://innovasoftltd.com/career/,,,,"php, qa",,,hiring,"Openning: hiring QA , php",,,,,innovasoftltd.com,694,1,NO,,YES,Company name inferred from domain/LinkedIn/email,YES,MONITOR_READY
C0714,Innoverait,domain_inferred,https://innoverait.com/,,https://www.linkedin.com/company/innoverait/,careers@innoverait.com,,,2.0,,planning,Tech Stack: https://www.linkedin.com/company/innoverait/ | Years of Exp want: 2 emp | Is Applied: planning | Location: https://innoverait.com/,,,,,innoverait.com,858,1,NO,,YES,Company name inferred from domain/LinkedIn/email,YES,FIND_CAREER_PAGE
C0135,Inosis Solutions,explicit,https://inosis.com,,,,,,,,,,,,,,inosis.com,181,1,NO,,NO,,YES,FIND_CAREER_PAGE
C0157,Inovace Technologies,explicit,https://inovace.tech,,,,,,,,,,,,,,inovace.tech,213,1,NO,,NO,,YES,FIND_CAREER_PAGE
C0907,Inovet Solution,domain_inferred,,https://inovet-solution.com/career.php#,,,,php,,,,"Openning: ajax , core php",,,,,inovet-solution.com,1082,1,NO,,YES,Company name inferred from domain/LinkedIn/email,YES,MONITOR_READY
C0497,Inovexidea,domain_inferred,,https://web.inovexidea.com/career.html,https://www.linkedin.com/company/inovex-idea-solution/,,,,,1/9,planning,Tech Stack: https://web.inovexidea.com/career.html | Specialization They Need: 1 of 9 | Is Applied: planning,,,,,inovexidea.com,623,1,NO,,YES,Company name inferred from domain/LinkedIn/email,YES,MONITOR_READY
C0173,Inovio,explicit,https://inovio.io,,,,,,,,not loading,Comment: site is not loading fast || Comment: site is not loading properly,https://inovio.io/,,,,inovio.io,237; 1252; 1270,3,NO,,NO,,YES,FIND_CAREER_PAGE
C0824,Insightintechnology,domain_inferred,https://insightintechnology.com/,,https://www.linkedin.com/company/insightintechnology/,,,,,6/16,,Tech Stack: Super cool website | Openning: 6 out of 16 | Location: https://insightintechnology.com/,,,,,insightintechnology.com,981,1,NO,,YES,Company name inferred from domain/LinkedIn/email,YES,FIND_CAREER_PAGE
C0583,Insights Automata,linkedin_inferred,,,https://www.linkedin.com/company/insights-automata/?viewAsMember=true,,,,8.0,,,Openning: 8 emp,,,,,,710,1,NO,,YES,Company name inferred from domain/LinkedIn/email; Missing company/career website,YES,ENRICH_FROM_LINKEDIN
C0862,Inspira BD,domain_inferred,,https://inspira-bd.com/career/,,,,,,,,Tech Stack: data analyts,,,,,inspira-bd.com,1025,1,NO,,YES,Company name inferred from domain/LinkedIn/email,YES,MONITOR_READY
C0161,Instalogic,explicit,https://instalogic.com.bd,,,,,,,,career not found,Comment: career not found,https://instalogic.com.bd/ https://instalogic.com.bd/contact/,,,,instalogic.com.bd,218; 1285,2,NO,,NO,,YES,FIND_CAREER_PAGE
C0165,Interactive Cares,explicit,https://interactivecares.com,,,,,,,,,,,,,,interactivecares.com,225,1,NO,,NO,,YES,FIND_CAREER_PAGE
C0979,Interconnectionbd,domain_inferred,https://www.interconnectionbd.com/,,,interconnectionbd@gmail.com,,,,,,Tech Stack: interconnectionbd@gmail.com | Is Applied: yes,,,,,interconnectionbd.com,1170,1,NO,,YES,Company name inferred from domain/LinkedIn/email,YES,FIND_CAREER_PAGE
C0499,Interlinktechsoft,domain_inferred,,https://www.interlinktechsoft.com/about/career,,,,,,,planning,Is Applied: planning | Re Apply Count: must,,,,,interlinktechsoft.com,625,1,NO,,YES,Company name inferred from domain/LinkedIn/email,YES,MONITOR_READY
C0328,Intuisysltd,domain_inferred,https://www.intuisysltd.com/,,,info@intuisysltd.com,,,,,,Openning: not sure they are currently operating or not | Location: https://www.intuisysltd.com/,,,,,intuisysltd.com,434,1,NO,,YES,Company name inferred from domain/LinkedIn/email,YES,FIND_CAREER_PAGE
C0930,Inument,domain_inferred,,https://inument.com/careers/,,,baridhara,,,,,Tech Stack: baridhara | Is Applied: yes,,,,,inument.com,1114,1,NO,,YES,Company name inferred from domain/LinkedIn/email,YES,MONITOR_READY
C0901,Invento,domain_inferred,,https://invento.com.bd/career/,,,,odoo,,,,Tech Stack: odoo,,,,,invento.com.bd,1075,1,NO,,YES,Company name inferred from domain/LinkedIn/email,YES,MONITOR_READY
C0609,Invictasl,domain_inferred,,https://invictasl.com/careers,https://www.linkedin.com/company/invictasl/,connect@invictasl.com,,,,,,Tech Stack: connect@invictasl.com | Location: https://www.linkedin.com/company/invictasl/,,,,,invictasl.com,736,1,NO,,YES,Company name inferred from domain/LinkedIn/email,YES,MONITOR_READY
C0933,Iqrasys,domain_inferred,,https://iqrasys.com/career,,,,,,,,Is Applied: yes | Re Apply Count: 22 Jun-e,,,,,iqrasys.com,1117,1,NO,,YES,Company name inferred from domain/LinkedIn/email,YES,MONITOR_READY
C0467,Iqvia,domain_inferred,,https://jobs.iqvia.com/en/ai-and-machine-learning?utm_source=iqvia.com&utm_medium=referral&utm_campaign=careersnav,https://www.linkedin.com/company/iqvia/,,,ai,,10/146,,Tech Stack: 10 out of 146 | Openning: https://jobs.iqvia.com/en/ai-and-machine-learning?utm_source=iqvia.com&utm_medium=referral&utm_campaign=careersnav,,,,,iqvia.com,591,1,NO,,YES,Company name inferred from domain/LinkedIn/email,YES,MONITOR_READY
C0816,Iribd,domain_inferred,https://www.iribd.com/,,https://www.linkedin.com/company/iribd/,,,,,2/8,,Tech Stack: nice hero section | Years of Exp want: 2 of 8 | Location: https://www.linkedin.com/company/iribd/,,,,,iribd.com,973,1,NO,,YES,Company name inferred from domain/LinkedIn/email,YES,FIND_CAREER_PAGE
C0622,Irinfosys,linkedin_inferred,,,https://www.linkedin.com/company/irinfosys/,,,,,1/11,,Openning: 1 of 11 (senior product designer),,,,,,761,1,NO,,YES,Company name inferred from domain/LinkedIn/email; Missing company/career website,YES,ENRICH_FROM_LINKEDIN
C0270,Ishraak,domain_inferred,,https://ishraak.com/career/,,,,,,,,,,,,,ishraak.com,371,1,NO,,YES,Company name inferred from domain/LinkedIn/email,YES,MONITOR_READY
C0654,IT Consultants Plc,linkedin_inferred,,,https://www.linkedin.com/company/it-consultants-plc/,,,,,9/109,,Specialization They Need: 9 out of 109,,,,,,796,1,NO,,YES,Company name inferred from domain/LinkedIn/email; Missing company/career website,YES,ENRICH_FROM_LINKEDIN
C0349,Itech Softsolutions,domain_inferred,https://itech-softsolutions.com,,,,khulna,,,,outdated,Tech Stack: khulna outdated,,,,,itech-softsolutions.com,456,1,NO,,YES,Company name inferred from domain/LinkedIn/email,YES,FIND_CAREER_PAGE
C0498,Itech Velocity Erp,linkedin_inferred,,,https://www.linkedin.com/company/itech-velocity-erp/,,,,7.0,,"hiring, planning",Tech Stack: hiring | Specialization They Need: 7 emp | Is Applied: planning,,,,,,624,1,NO,,YES,Company name inferred from domain/LinkedIn/email; Missing company/career website,YES,ENRICH_FROM_LINKEDIN
C0332,Itechss,domain_inferred,,https://www.itechss.net/career/,,,,react,,,,Tech Stack: react js,,,,,itechss.net,438,1,NO,,YES,Company name inferred from domain/LinkedIn/email,YES,MONITOR_READY
C0563,Itlogiko,linkedin_inferred,,,https://www.linkedin.com/company/itlogiko/?trk=public_post_main-feed-card-text,,,,3.0,,,Openning: 3 emp,,,,,,690,1,NO,,YES,Company name inferred from domain/LinkedIn/email; Missing company/career website,YES,ENRICH_FROM_LINKEDIN
C0572,Itnuthosting,domain_inferred,,https://itnuthosting.com/career/,,career@itnuthosting.com,,,,,planning,Openning: hosting | Is Applied: planning | Location: https://itnuthosting.com/career/,,,,,itnuthosting.com,699,1,NO,,YES,Company name inferred from domain/LinkedIn/email,YES,MONITOR_READY
C0589,Itransition,domain_inferred,,https://www.itransition.com/careers,https://www.linkedin.com/company/itransition/,hr@itransition.com,,,,4/32,planning,Tech Stack: hr@itransition.com | Specialization They Need: 4 of 32 | Years of Exp want: Saikat Mahmud | Is Applied: planning | Location: https://www.itransition.com/careers,,,,,itransition.com,716,1,NO,,YES,Company name inferred from domain/LinkedIn/email,YES,MONITOR_READY
C0365,Ivivelabs,domain_inferred,,https://ivivelabs.com/career/,,,,,,,,,,,,,ivivelabs.com,472,1,NO,,YES,Company name inferred from domain/LinkedIn/email,YES,MONITOR_READY
C0391,Ixorasolution,domain_inferred,,https://ixorasolution.com/career/,,,,"dot net, python, react",,,,Tech Stack: python dot net react angular data engi,,,,,ixorasolution.com,500,1,NO,,YES,Company name inferred from domain/LinkedIn/email,YES,MONITOR_READY
C1002,Jadewits,domain_inferred,https://jadewits.com/about-us/#intro,,,,,nodejs,,,"hiring, no hiring, no hiring page",Tech Stack: seems nice | Openning: not sure abt nodejs | Years of Exp want: no hiring page found,,,,,jadewits.com,1204,1,NO,,YES,Company name inferred from domain/LinkedIn/email,YES,FIND_CAREER_PAGE
C0206,Jahajibd,email_inferred,,,,jobs@jahajibd.com,khulna,,,,,Tech Stack: khulna,,,,,,303,1,YES,Source review: contact_only,YES,Company name inferred from domain/LinkedIn/email; Missing company/career website,YES,MANUAL_REVIEW
C0825,Jamroll,domain_inferred,,https://jamroll.studio/career/,,,,,9.0,,,Tech Stack: shei | Openning: 9 emp,,,,,jamroll.studio,982,1,NO,,YES,Company name inferred from domain/LinkedIn/email,YES,MONITOR_READY
C0224,Jbrsoft,domain_inferred,,https://jbrsoft.com/career,,,,,,,,,,,,,jbrsoft.com,324,1,NO,,YES,Company name inferred from domain/LinkedIn/email,YES,MONITOR_READY
C0946,Jibikaplexus,domain_inferred,https://jibikaplexus.com/our-team/,,,,,,,,,Is Applied: yes | Re Apply Count: 22 Jun-e,,,,,jibikaplexus.com,1131,1,NO,,YES,Company name inferred from domain/LinkedIn/email,YES,FIND_CAREER_PAGE
C0968,Jmjcode,domain_inferred,,https://jmjcode.net/page/career,,career@jmjcode.net,,,,,,Tech Stack: career@jmjcode.net | Is Applied: mail address not found,,,,,jmjcode.net,1159,1,NO,,YES,Company name inferred from domain/LinkedIn/email,YES,MONITOR_READY
C0035,Joomshaper,domain_inferred,https://www.joomshaper.com/,,,,,,,,,,,,,,joomshaper.com,51,1,NO,,YES,Company name inferred from domain/LinkedIn/email,YES,FIND_CAREER_PAGE
C0137,Joomshaper,explicit,,,,,,,,,,,,,,,,188,1,YES,Source review: name_only_no_url_email,YES,Missing company/career website,YES,MANUAL_REVIEW
C0787,Jouleslabs,linkedin_inferred,,,https://www.linkedin.com/company/jouleslabs/jobs/,,,,,,,Openning: try,,,,,,937,1,NO,,YES,Company name inferred from domain/LinkedIn/email; Missing company/career website,YES,ENRICH_FROM_LINKEDIN
C0454,Justgo,domain_inferred,,https://justgo.com/careers/,https://www.linkedin.com/company/justgotechnologies/,,,,,4/71,,Specialization They Need: 4 of 71 | Location: https://www.linkedin.com/company/justgotechnologies/,,,,,justgo.com,573,1,NO,,YES,Company name inferred from domain/LinkedIn/email,YES,MONITOR_READY
C1042,Kaj Software,explicit,https://kajsoft.com/,,,,,,,,not loading,Comment: site is not loading,,,,,kajsoft.com,1266,1,NO,,NO,,YES,FIND_CAREER_PAGE
C0708,Kamal Paterson,domain_inferred,,https://www.kamal-paterson.com/careers,https://www.linkedin.com/company/kamal-paterson-ltd/,,,,3.0,,,Specialization They Need: 3 emp | Location: https://www.kamal-paterson.com/careers,,,,,kamal-paterson.com,852,1,NO,,YES,Company name inferred from domain/LinkedIn/email,YES,MONITOR_READY
C0186,KAZ Software,explicit,https://kaz.com.bd,,https://www.linkedin.com/in/shaila-sharmin-barna-483a861b3/,,,,,,,,,,,,kaz.com.bd,267,1,NO,,NO,,YES,FIND_CAREER_PAGE
C0459,Kaz Software Limited,linkedin_inferred,,,https://www.linkedin.com/company/kaz-software-limited/,,,,,,,,,,,,,579,1,NO,,YES,Company name inferred from domain/LinkedIn/email; Missing company/career website,YES,ENRICH_FROM_LINKEDIN
C0952,Keka,domain_inferred,,https://sjinnovation.keka.com/careers/applyjob/6962 https://sjinnovation.keka.com/careers/,,,,,,,,Openning: https://sjinnovation.keka.com/careers/ | Is Applied: yes,,,,,keka.com,1137,1,NO,,YES,Company name inferred from domain/LinkedIn/email,YES,MONITOR_READY
C0492,Kendroo,domain_inferred,https://kendroo.io/,,,,,odoo,,,,Tech Stack: odoo,,,,,kendroo.io,618,1,NO,,YES,Company name inferred from domain/LinkedIn/email,YES,FIND_CAREER_PAGE
C0427,Khanit,domain_inferred,,https://www.khanit.com.bd/career/ https://docs.google.com/forms/d/e/1FAIpQLSfda6CaaZvyY-vcbFlfcxBVHraA0r36bbU-VYicDxvxIca4DA/viewform,,,,,,,planning,Tech Stack: https://docs.google.com/forms/d/e/1FAIpQLSfda6CaaZvyY-vcbFlfcxBVHraA0r36bbU-VYicDxvxIca4DA/viewform | Is Applied: planning,,,,,khanit.com.bd,540,1,YES,Source review: multiple_domains,YES,Company name inferred from domain/LinkedIn/email,YES,MANUAL_REVIEW
C0496,Khulnatech,domain_inferred,,https://khulnatech.us/career/,,,,,,,hiring,Tech Stack: hiring,,,,,khulnatech.us,622,1,NO,,YES,Company name inferred from domain/LinkedIn/email,YES,MONITOR_READY
C0381,Kingdigital,domain_inferred,https://kingdigital.com.bd/kdrl/#/careers,,,jobs@kingdigital.com.bd,,,,,,Tech Stack: jobs@kingdigital.com.bd,,,,,kingdigital.com.bd,488,1,NO,,YES,Company name inferred from domain/LinkedIn/email,YES,FIND_CAREER_PAGE
C0009,Klovercloud,domain_inferred,https://klovercloud.com/,,https://www.linkedin.com/company/klovercloud/,,,,,3/10,,Tech Stack: cloud || Tech Stack: https://klovercloud.com/ | Years of Exp want: 3 of 10,,,,,klovercloud.com,25; 527,2,NO,,YES,Company name inferred from domain/LinkedIn/email,YES,FIND_CAREER_PAGE
C1036,Kmrenterprise,domain_inferred,https://kmrenterprise.com/#contactus,,,,,,,,,Openning: bpo it,,,,,kmrenterprise.com,1247,1,NO,,YES,Company name inferred from domain/LinkedIn/email,YES,FIND_CAREER_PAGE
C0408,Kodezenteam,linkedin_inferred,,,https://www.linkedin.com/company/kodezenteam/,,,,12.0,,,Specialization They Need: 12 emp,,,,,,520,1,NO,,YES,Company name inferred from domain/LinkedIn/email; Missing company/career website,YES,ENRICH_FROM_LINKEDIN
C0882,Kolpolok,domain_inferred,,https://kolpolok.com/career/,,,,php,,,promising,Tech Stack: php | Openning: promising,,,,,kolpolok.com,1052,1,NO,,YES,Company name inferred from domain/LinkedIn/email,YES,MONITOR_READY
C0839,Konai,domain_inferred,https://www.konai.com/,,,,,,,,,"Tech Stack: getwaves.io | Openning: cool website section, gsap animation",,,,,konai.com,1000,1,NO,,YES,Company name inferred from domain/LinkedIn/email,YES,FIND_CAREER_PAGE
C0040,KonaSL,explicit,https://konasl.com/,https://konasl.com/careers#openings,,,police plaza,,,,,Tech Stack: police plaza | Location: https://konasl.com/careers#openings,https://konasl.com,,,,konasl.com,56; 252,2,NO,,NO,,YES,MONITOR_READY
C0511,Krantigroup,linkedin_inferred,,,https://www.linkedin.com/company/krantigroup/,,,,6.0,,,Openning: business consulting | Years of Exp want: 6 emp,,,,,,637,1,NO,,YES,Company name inferred from domain/LinkedIn/email; Missing company/career website,YES,ENRICH_FROM_LINKEDIN
C0577,Kreatech,domain_inferred,https://www.kreatech.ai/ https://kreatech.ca/,,https://www.linkedin.com/company/kreatech-ca/,,,ai,12.0,,,Tech Stack: https://kreatech.ca/ | Openning: 12 emp | Location: https://www.kreatech.ai/,,,,,kreatech.ai,704,1,YES,Source review: multiple_domains,YES,Company name inferred from domain/LinkedIn/email,YES,MANUAL_REVIEW
C0847,Kriyakarak,domain_inferred,https://kriyakarak.com/,,,,,,,,,Openning: cool section,,,,,kriyakarak.com,1009,1,NO,,YES,Company name inferred from domain/LinkedIn/email,YES,FIND_CAREER_PAGE
C0474,L2n Software Ltd.,linkedin_inferred,,,https://www.linkedin.com/company/l2n-software-ltd./,,,,6.0,,,Openning: 6 emp Dhk,,,,,,598,1,NO,,YES,Company name inferred from domain/LinkedIn/email; Missing company/career website,YES,ENRICH_FROM_LINKEDIN
C0720,Lalamove,domain_inferred,,https://www.lalamove.com/career-listing,,,,,,,,Specialization They Need: delivery ...,,,,,lalamove.com,864,1,NO,,YES,Company name inferred from domain/LinkedIn/email,YES,MONITOR_READY
C0665,Lankabangla Information System,linkedin_inferred,,,https://www.linkedin.com/company/lankabangla-information-system/?originalSubdomain=bd,,,,,1/2,,Specialization They Need: 1 of 2,,,,,,807,1,NO,,YES,Company name inferred from domain/LinkedIn/email; Missing company/career website,YES,ENRICH_FROM_LINKEDIN
C0005,Lead,domain_inferred,https://lead.academy/,,,,,,,,,,,,,,lead.academy,13,1,NO,,YES,Company name inferred from domain/LinkedIn/email,YES,FIND_CAREER_PAGE
C0037,LEADS Corporation,explicit,https://leads.com.bd/ https://leads.com.bd/current-vacancies/,,,,,,,,,Location: https://leads.com.bd/current-vacancies/,https://leads.com.bd,,,,leads.com.bd,53; 273,2,NO,,NO,,YES,FIND_CAREER_PAGE
C0100,LeadSoft Bangladesh,explicit,https://leadsoft.com.bd,,,,,,,,,,,,,,leadsoft.com.bd,132,1,NO,,NO,,YES,FIND_CAREER_PAGE
C0364,Leadswin,domain_inferred,,https://leadswin.com.bd/career/,,,uttara,,,,,Tech Stack: uttara,,,,,leadswin.com.bd,471,1,NO,,YES,Company name inferred from domain/LinkedIn/email,YES,MONITOR_READY
C0686,Leadswin,domain_inferred,,https://leadswin.biz/career/,https://www.linkedin.com/company/leadswin-limited/,,,,,1/13,,Specialization They Need: 1 of 13 | Location: https://www.linkedin.com/company/leadswin-limited/,,,,,leadswin.biz,830,1,NO,,YES,Company name inferred from domain/LinkedIn/email,YES,MONITOR_READY
C0971,Leotechbd,domain_inferred,,https://www.leotechbd.com/includes/jobs.php,,,,php,,,,Is Applied: mail address not found,,,,,leotechbd.com,1162,1,NO,,YES,Company name inferred from domain/LinkedIn/email,YES,MONITOR_READY
C0803,Lever,domain_inferred,,https://jobs.lever.co/fieldnation,,,,,,,must try,Tech Stack: must try,,,,,lever.co,955,1,NO,,YES,Company name inferred from domain/LinkedIn/email,YES,MONITOR_READY
C0311,Leverngear,linkedin_inferred,,,https://www.linkedin.com/company/leverngear/,,,,,,,,,,,,,415,1,NO,,YES,Company name inferred from domain/LinkedIn/email; Missing company/career website,YES,ENRICH_FROM_LINKEDIN
C0923,Lighttechnologiesbd,domain_inferred,,https://www.lighttechnologiesbd.com/careers,,,,laravel,,,,Openning: Laravel | Specialization They Need: mohanogor project | Is Applied: yes,,,,,lighttechnologiesbd.com,1106,1,NO,,YES,Company name inferred from domain/LinkedIn/email,YES,MONITOR_READY
C0996,Limda,domain_inferred,https://limda.net,,,,,,,,"hiring, no hiring, no hiring page",Openning: no hiring page found,,,,,limda.net,1198,1,NO,,YES,Company name inferred from domain/LinkedIn/email,YES,FIND_CAREER_PAGE
C0729,Linktechbd,linkedin_inferred,,,https://www.linkedin.com/company/linktechbd/?originalSubdomain=bd,,,,28.0,,,Specialization They Need: 28 emp,,,,,,873,1,NO,,YES,Company name inferred from domain/LinkedIn/email; Missing company/career website,YES,ENRICH_FROM_LINKEDIN
C0811,Linkvisionsoft,domain_inferred,https://www.linkvisionsoft.com/,,,,,,,,,Tech Stack: cool,,,,,linkvisionsoft.com,968,1,NO,,YES,Company name inferred from domain/LinkedIn/email,YES,FIND_CAREER_PAGE
C0368,Live Technologies,domain_inferred,,http://www.live-technologies.net/Career.php,,info@live-technologies.net,,php,,,,Openning: php | Specialization They Need: info@live-technologies.net,,,,,live-technologies.net,475,1,NO,,YES,Company name inferred from domain/LinkedIn/email,YES,MONITOR_READY
C0807,Logicforumbd,domain_inferred,https://www.logicforumbd.com/,,,,,,,,"hiring, no hiring",Tech Stack: cool design no hiring,,,,,logicforumbd.com,963,1,NO,,YES,Company name inferred from domain/LinkedIn/email,YES,FIND_CAREER_PAGE
C0605,Logicsoftbd,linkedin_inferred,,,https://www.linkedin.com/company/logicsoftbd/,,,,,2/112,,Tech Stack: 2 of 112,,,,,,732,1,NO,,YES,Company name inferred from domain/LinkedIn/email; Missing company/career website,YES,ENRICH_FROM_LINKEDIN
C0700,Logiqbits Ltd,linkedin_inferred,,,https://www.linkedin.com/company/logiqbits-ltd/?originalSubdomain=bd,,,,3.0,,,Specialization They Need: 3 emp,,,,,,844,1,NO,,YES,Company name inferred from domain/LinkedIn/email; Missing company/career website,YES,ENRICH_FROM_LINKEDIN
C0539,Loopfreight,linkedin_inferred,,,https://www.linkedin.com/company/loopfreight/?originalSubdomain=bd,,,,28.0,,,Tech Stack: logistic truckload | Openning: 28 emp,,,,,,666,1,NO,,YES,Company name inferred from domain/LinkedIn/email; Missing company/career website,YES,ENRICH_FROM_LINKEDIN
C0522,Lowkia,domain_inferred,https://lowkia.com/,,,,"bonosree, rampura",,,,"outdated, planning",Tech Stack: bonosree rampura | Openning: may be outdated | Is Applied: planning,,,,,lowkia.com,649,1,NO,,YES,Company name inferred from domain/LinkedIn/email,YES,FIND_CAREER_PAGE
C0762,Luminalogik,linkedin_inferred,,,https://www.linkedin.com/company/luminalogik/,,chattogram,,2.0,,,Tech Stack: chattogram | Openning: 2 emp,,,,,,907,1,NO,,YES,Company name inferred from domain/LinkedIn/email; Missing company/career website,YES,ENRICH_FROM_LINKEDIN
C0245,Luminouslabsbd,domain_inferred,,https://luminouslabsbd.com/career/,,,,,,,,,,,,,luminouslabsbd.com,345,1,NO,,YES,Company name inferred from domain/LinkedIn/email,YES,MONITOR_READY
C0817,Lynkto,domain_inferred,https://lynkto.net/#,,https://www.linkedin.com/company/lynktous/,,,,,2/13,,Tech Stack: nice hero section | Openning: https://www.linkedin.com/company/lynktous/ | Years of Exp want: 2 of 13,,,,,lynkto.net,974,1,NO,,YES,Company name inferred from domain/LinkedIn/email,YES,FIND_CAREER_PAGE
C0431,M2mbd,domain_inferred,,https://www.m2mbd.com/career,,,,,,,,Tech Stack: vehicle solution,,,,,m2mbd.com,545,1,NO,,YES,Company name inferred from domain/LinkedIn/email,YES,MONITOR_READY
C0802,M2systech,domain_inferred,https://www.m2systech.com/ai-in-egovernance/,,https://www.linkedin.com/company/m2sys-technology/,,,ai,,,,Tech Stack: https://www.m2systech.com/ai-in-egovernance/,,,,,m2systech.com,954,1,NO,,YES,Company name inferred from domain/LinkedIn/email,YES,FIND_CAREER_PAGE
C0265,M360 Ict,linkedin_inferred,,,https://www.linkedin.com/company/m360-ict/,,,,,,,,,,,,,366,1,NO,,YES,Company name inferred from domain/LinkedIn/email; Missing company/career website,YES,ENRICH_FROM_LINKEDIN
C0296,Magnetismtech,domain_inferred,https://magnetismtech.com/,,,,chittagong,,,,,Tech Stack: chittagong,,,,,magnetismtech.com,399,1,NO,,YES,Company name inferred from domain/LinkedIn/email,YES,FIND_CAREER_PAGE
C0141,Magnito Digital,explicit,,,,,,,,,,,,,,,,192,1,YES,Source review: name_only_no_url_email,YES,Missing company/career website,YES,MANUAL_REVIEW
C0018,Magnitodigital,domain_inferred,https://magnitodigital.com/,,,,,,,,,Location: not secure,,,,,magnitodigital.com,34,1,NO,,YES,Company name inferred from domain/LinkedIn/email,YES,FIND_CAREER_PAGE
C0863,Magnusbd,domain_inferred,https://www.magnusbd.com/,,,,,"cyber, cyber security",,,,Tech Stack: cyber security,,,,,magnusbd.com,1026,1,NO,,YES,Company name inferred from domain/LinkedIn/email,YES,FIND_CAREER_PAGE
C0347,Makeitorange,domain_inferred,,https://makeitorange.com.bd/career,,,,,,,backdated,Tech Stack: seems backdated,,,,,makeitorange.com.bd,454,1,NO,,YES,Company name inferred from domain/LinkedIn/email,YES,MONITOR_READY
C0887,Maktechsolution,domain_inferred,,https://maktechsolution.com/career/,,,,shopify,,,,Tech Stack: shopify,,,,,maktechsolution.com,1057,1,NO,,YES,Company name inferred from domain/LinkedIn/email,YES,MONITOR_READY
C0462,Mamtech Limited,linkedin_inferred,,,https://www.linkedin.com/company/mamtech-limited/?originalSubdomain=bd,,,,,,,,,,,,,583,1,NO,,YES,Company name inferred from domain/LinkedIn/email; Missing company/career website,YES,ENRICH_FROM_LINKEDIN
C0904,Manush,domain_inferred,,https://manush.tech/careers,,,,,,,,Tech Stack: backend level 2,,,,,manush.tech,1079,1,NO,,YES,Company name inferred from domain/LinkedIn/email,YES,MONITOR_READY
C0476,Mapleitsolutions,domain_inferred,https://mapleitsolutions.net/,,https://www.linkedin.com/company/mapleitsolutions/?originalSubdomain=bd,,,,4.0,,,Openning: nijunja | Specialization They Need: 4 emp | Location: https://mapleitsolutions.net/,,,,,mapleitsolutions.net,600,1,NO,,YES,Company name inferred from domain/LinkedIn/email,YES,FIND_CAREER_PAGE
C0448,Mars,domain_inferred,,https://www.mars.com.bd/career.html,,hr@mars.com.bd,,,,,planning,Is Applied: planning | Location: https://www.mars.com.bd/career.html,,,,,mars.com.bd,565,1,NO,,YES,Company name inferred from domain/LinkedIn/email,YES,MONITOR_READY
C0490,Masabd,domain_inferred,https://www.masabd.net,,,,,ai,,,,"Tech Stack: ai, military",,,,,masabd.net,616,1,NO,,YES,Company name inferred from domain/LinkedIn/email,YES,FIND_CAREER_PAGE
C0673,MATEORS DOT COM,explicit,https://lxroot.com/,,,,,,,,,Location: https://lxroot.com/,,,,,lxroot.com,815,1,NO,,NO,,YES,FIND_CAREER_PAGE
C0288,Mavengers,domain_inferred,,https://www.mavengers.com/career,,,,,,,,Tech Stack: no job found,,,,,mavengers.com,391,1,NO,,YES,Company name inferred from domain/LinkedIn/email,YES,MONITOR_READY
C0613,Mawbiz,domain_inferred,https://www.mawbiz.com.bd/,,https://www.linkedin.com/company/mawbiz/,,,,4.0,,,Tech Stack: digital marketing | Specialization They Need: 4 emp | Location: https://www.mawbiz.com.bd/,,,,,mawbiz.com.bd,741,1,NO,,YES,Company name inferred from domain/LinkedIn/email,YES,FIND_CAREER_PAGE
C0784,maxGroup,explicit,,,,,,nodejs,,,,Openning: not sure abt nodejs | Years of Exp want: try,,,,,,934,1,YES,Source review: name_only_no_url_email,YES,Missing company/career website,YES,MANUAL_REVIEW
C0976,Maxit,domain_inferred,,https://maxit.com.bd/career/,,,,,,,,,,,,,maxit.com.bd,1167,1,NO,,YES,Company name inferred from domain/LinkedIn/email,YES,MONITOR_READY
C0151,Mediasoft Data Systems,explicit,https://mediasoftbd.com,,,,,node js,,,,Comment: node js ❌,https://career.mediasoftbd.com/; https://mediasoftbd.com/ https://career.mediasoftbd.com/,,,,mediasoftbd.com,202; 584; 1300,3,YES,Source review: multiple_domains,NO,,YES,MANUAL_REVIEW
C0407,Meet Xpert BD,linkedin_inferred,,,https://www.linkedin.com/company/meet-xpert-bd/?originalSubdomain=bd,,,,2.0,,,Specialization They Need: 2 emp,,,,,,519,1,NO,,YES,Company name inferred from domain/LinkedIn/email; Missing company/career website,YES,ENRICH_FROM_LINKEDIN
C1051,Metronet Bangladesh,explicit,https://metronet.com.bd,,,,,,,,not loading,Comment: not loading,,,,,metronet.com.bd,1299,1,NO,,NO,,YES,FIND_CAREER_PAGE
C0089,Mevrik Ltd,explicit,https://mevrik.com,https://www.mevrik.com/career,,,,ai,,,,Tech Stack: AI,,,,,mevrik.com,120; 1078,2,NO,,NO,,YES,MONITOR_READY
C0921,Mgi,email_inferred,,,,career@mgi.org,,,,,,Is Applied: yes | Re Apply Count: 21 Apr,,,,,,1103,1,YES,Source review: contact_only,YES,Company name inferred from domain/LinkedIn/email; Missing company/career website,YES,MANUAL_REVIEW
C0919,Miaki,domain_inferred,https://www.miaki.co/miaki_career,,,,,node js,,,hiring,Tech Stack: senior node js hiring | Openning: try | Is Applied: yes,,,,,miaki.co,1099,1,NO,,YES,Company name inferred from domain/LinkedIn/email,YES,FIND_CAREER_PAGE
C0148,Microdeft,explicit,https://microdeft.com,,,,,laravel,,,,Comment: Laravel related,https://microdeft.com/,,,,microdeft.com,199; 1288,2,NO,,NO,,YES,FIND_CAREER_PAGE
C0674,Micromac Techno Valley Ltd,linkedin_inferred,,,https://www.linkedin.com/company/micromac-techno-valley-ltd-/,,,,,1/24,,Specialization They Need: 1 of 24,,,,,,816,1,NO,,YES,Company name inferred from domain/LinkedIn/email; Missing company/career website,YES,ENRICH_FROM_LINKEDIN
C0623,Micronetbd Inc,linkedin_inferred,,,https://www.linkedin.com/company/micronetbd-inc/,,,,,1/6,,Openning: 1 of 6 (country manager),,,,,,762,1,NO,,YES,Company name inferred from domain/LinkedIn/email; Missing company/career website,YES,ENRICH_FROM_LINKEDIN
C0892,microtechinteractivebd,explicit,,,,,,,,,,"Tech Stack: ar vr animation, digital security",,,,,,1064,1,YES,Source review: name_only_no_url_email,YES,Missing company/career website,YES,MANUAL_REVIEW
C0538,Microters,linkedin_inferred,,,https://www.linkedin.com/company/microters/,,,,16.0,,,Tech Stack: comilla | Openning: 16 emp,,,,,,665,1,NO,,YES,Company name inferred from domain/LinkedIn/email; Missing company/career website,YES,ENRICH_FROM_LINKEDIN
C0283,Microxen,domain_inferred,,https://www.microxen.com/careers,,,,,,,,,,,,,microxen.com,386,1,NO,,YES,Company name inferred from domain/LinkedIn/email,YES,MONITOR_READY
C0754,Mieclab,linkedin_inferred,,,https://www.linkedin.com/company/mieclab/?originalSubdomain=ke,,,,,,,,,,,,,899,1,NO,,YES,Company name inferred from domain/LinkedIn/email; Missing company/career website,YES,ENRICH_FROM_LINKEDIN
C0221,Mihcm,domain_inferred,,https://app.mihcm.com/CareerPortal/Careers?q=YtlHovww0gTI1YyH%2FbW2fQ%3D%3D,,,,,,,,,,,,,mihcm.com,321,1,NO,,YES,Company name inferred from domain/LinkedIn/email,YES,MONITOR_READY
C0166,Minute School,explicit,https://minuteschool.com,,,,,,,,,,,,,,minuteschool.com,226,1,NO,,NO,,YES,FIND_CAREER_PAGE
C0582,Mirailit,domain_inferred,https://mirailit.com/,,https://www.linkedin.com/company/mirailit/,,,,15.0,,,Tech Stack: https://mirailit.com/ | Openning: 15 emp,,,,,mirailit.com,709,1,NO,,YES,Company name inferred from domain/LinkedIn/email,YES,FIND_CAREER_PAGE
C0677,Mirinfosys,linkedin_inferred,,,https://www.linkedin.com/company/mirinfosys/?trk=ppro_cprof,,,,,9/82,,Specialization They Need: 9 of 82,,,,,,820,1,NO,,YES,Company name inferred from domain/LinkedIn/email; Missing company/career website,YES,ENRICH_FROM_LINKEDIN
C0394,Mirtelecom BD,domain_inferred,https://www.mirtelecom-bd.com/,,,,,,,,,,,,,,mirtelecom-bd.com,503,1,NO,,YES,Company name inferred from domain/LinkedIn/email,YES,FIND_CAREER_PAGE
C0316,Misfit,domain_inferred,https://www.misfit.tech/,,https://www.linkedin.com/company/misfit-technologies-ltd/people/,,,,,,,Openning: https://www.misfit.tech/,,,,,misfit.tech,421,1,NO,,YES,Company name inferred from domain/LinkedIn/email,YES,FIND_CAREER_PAGE
C0104,MISLBD,explicit,https://www.mislbd.com,,,,,,,,,Openning: islamic,https://mislbd.com/application-platform/,,,,mislbd.com,137; 945,2,NO,,NO,,YES,FIND_CAREER_PAGE
C0300,Mitisol,domain_inferred,,https://www.mitisol.net/career,,info@mitisol.net,dhaka,,,,,"Openning: https://www.mitisol.net/career | Location: Bir Uttam Mir Shawkat Sarak, Dhaka",,,,,mitisol.net,403,1,NO,,YES,Company name inferred from domain/LinkedIn/email,YES,MONITOR_READY
C0272,Mj Group,domain_inferred,https://www.mj-group.com/,https://www.mj-group.com/career,https://www.linkedin.com/company/m-j-group/,,,,,3/344,,Tech Stack: Error || Tech Stack: Cool Website | Openning: https://www.linkedin.com/company/m-j-group/ | Years of Exp want: 3 of 344 | Re Apply Count: Farid khalur chakri er jonno try korte hobe,,,,,mj-group.com,374; 985,2,NO,,YES,Company name inferred from domain/LinkedIn/email,YES,MONITOR_READY
C1004,Mmitsoft,domain_inferred,https://mmitsoft.com,,,,,,,,"hiring, no hiring, no hiring page",Tech Stack: no hiring page found,,,,,mmitsoft.com,1206,1,NO,,YES,Company name inferred from domain/LinkedIn/email,YES,FIND_CAREER_PAGE
C0964,Momagicbd,domain_inferred,https://www.momagicbd.com/,,,,,,,,,Openning: cool | Is Applied: virus issue,,,,,momagicbd.com,1154,1,NO,,YES,Company name inferred from domain/LinkedIn/email,YES,FIND_CAREER_PAGE
C0648,Mondaydigital,linkedin_inferred,,,https://www.linkedin.com/company/mondaydigital/,,,,,3/9,,Specialization They Need: 3 of 9,,,,,,790,1,NO,,YES,Company name inferred from domain/LinkedIn/email; Missing company/career website,YES,ENRICH_FROM_LINKEDIN
C0984,Monicotechnologies,domain_inferred,,https://monicotechnologies.com/career/,,career@monicotechnologies.com,,,,,planning,Tech Stack: https://monicotechnologies.com/career/ | Is Applied: planning,,,,,monicotechnologies.com,1175,1,NO,,YES,Company name inferred from domain/LinkedIn/email,YES,MONITOR_READY
C0663,Monstarlab,linkedin_inferred,,,https://www.linkedin.com/company/monstarlab/,,,,,6/23,,Specialization They Need: 6 of 23,,,,,,805,1,NO,,YES,Company name inferred from domain/LinkedIn/email; Missing company/career website,YES,ENRICH_FROM_LINKEDIN
C0074,Monstarlab Bangladesh,explicit,https://monstar-lab.com/bd/,,,,,,,,,,https://monstar-lab.com/bd,,,,monstar-lab.com,95; 175,2,NO,,NO,,YES,FIND_CAREER_PAGE
C0806,Mpower Social,domain_inferred,,https://mpower-social.com/career/,,,,,,,,,,,,,mpower-social.com,960,1,NO,,YES,Company name inferred from domain/LinkedIn/email,YES,MONITOR_READY
C0363,Multiengineeringbd,domain_inferred,,https://www.multiengineeringbd.com/careers/,,,,,,,not working,Openning: not working ...,,,,,multiengineeringbd.com,470,1,NO,,YES,Company name inferred from domain/LinkedIn/email,YES,MONITOR_READY
C0983,Multimode Group HR,explicit,,,https://www.linkedin.com/in/afroja-huq-3487b5203/,career@multimodebd.com,,,,,planning,Openning: career@multimodebd.com | Years of Exp want: IT | Is Applied: planning | Location: https://www.linkedin.com/in/afroja-huq-3487b5203/,,,,,,1174,1,NO,,YES,Missing company/career website,YES,ENRICH_FROM_LINKEDIN
C0682,Mulytic Energy,linkedin_inferred,,,https://www.linkedin.com/company/mulytic-energy/?originalSubdomain=de,,,,,1/4,,Specialization They Need: 1 of 4,,,,,,826,1,NO,,YES,Company name inferred from domain/LinkedIn/email; Missing company/career website,YES,ENRICH_FROM_LINKEDIN
C0819,Munshiengineers,domain_inferred,https://www.munshiengineers.com/,,,,,,,,,Tech Stack: Super cool website,,,,,munshiengineers.com,976,1,NO,,YES,Company name inferred from domain/LinkedIn/email,YES,FIND_CAREER_PAGE
C0597,Munshihr,domain_inferred,,https://munshihr.com/career/,,,,,,,,Tech Stack: Big Company May be,,,,,munshihr.com,724,1,NO,,YES,Company name inferred from domain/LinkedIn/email,YES,MONITOR_READY
C0550,Musemind,domain_inferred,,https://musemind.agency/career,,,,,,,planning,Is Applied: planning,,,,,musemind.agency,677,1,NO,,YES,Company name inferred from domain/LinkedIn/email,YES,MONITOR_READY
C0750,Mvisolutions,linkedin_inferred,,,https://www.linkedin.com/company/mvisolutions/,,,,,,,,,,,,,895,1,NO,,YES,Company name inferred from domain/LinkedIn/email; Missing company/career website,YES,ENRICH_FROM_LINKEDIN
C0282,Mwtil,domain_inferred,https://mwtil.com/,,,,,,,,,,,,,,mwtil.com,385,1,NO,,YES,Company name inferred from domain/LinkedIn/email,YES,FIND_CAREER_PAGE
C0369,Myoffer360degree,domain_inferred,,https://www.myoffer360degree.com/careers/,,,uttara,,,,,Openning: uttara Cool,,,,,myoffer360degree.com,476,1,NO,,YES,Company name inferred from domain/LinkedIn/email,YES,MONITOR_READY
C0898,Mysoftheaven,domain_inferred,,https://www.mysoftheaven.com/career/jobs,,,,ai,,,,Openning: AI Engineer,,,,,mysoftheaven.com,1072,1,NO,,YES,Company name inferred from domain/LinkedIn/email,YES,MONITOR_READY
C0658,Mysoftlimited,linkedin_inferred,,,https://www.linkedin.com/company/mysoftlimited/?originalSubdomain=bd,,,,,2/71,,Specialization They Need: 2 out of 71,,,,,,800,1,NO,,YES,Company name inferred from domain/LinkedIn/email; Missing company/career website,YES,ENRICH_FROM_LINKEDIN
C0755,N2sys,linkedin_inferred,,,https://www.linkedin.com/company/n2sys/?originalSubdomain=bd,,,,,,,Openning: IT Support nd Solution,,,,,,900,1,NO,,YES,Company name inferred from domain/LinkedIn/email; Missing company/career website,YES,ENRICH_FROM_LINKEDIN
C0399,Naannananann,linkedin_inferred,,,https://www.linkedin.com/company/naannananann/,,,,,,,Openning: penta global limited .. nice ...,,,,,,508,1,NO,,YES,Company name inferred from domain/LinkedIn/email; Missing company/career website,YES,ENRICH_FROM_LINKEDIN
C1030,Nagorik,domain_inferred,,https://nagorik.tech/careers,,,,,,,,,,,,,nagorik.tech,1239,1,NO,,YES,Company name inferred from domain/LinkedIn/email,YES,MONITOR_READY
C0848,Nahidfordhaka11,domain_inferred,https://nahidfordhaka11.com/,,,,,,,,,Openning: cool animation ..,,,,,nahidfordhaka11.com,1010,1,NO,,YES,Company name inferred from domain/LinkedIn/email,YES,FIND_CAREER_PAGE
C0753,Nano Information Technology Nanosoft,linkedin_inferred,,,https://www.linkedin.com/company/nano-information-technology-nanosoft/,,,,,,,,,,,,,898,1,NO,,YES,Company name inferred from domain/LinkedIn/email; Missing company/career website,YES,ENRICH_FROM_LINKEDIN
C0149,Nano IT,explicit,https://nanoit.world,,,info@nanoit.com.bd,,php,,,not loading,Comment: site is not loading || Comment: php based | mail to: info@nanoit.com.bd,https://nanoit.world/; https://nanoitworld.com/,,,,nanoit.world; nanoitworld.com,200; 1254; 1301,3,YES,Multiple different explicit company names merged; Multiple corporate domains,NO,,YES,MANUAL_REVIEW
C0153,Nascenia,explicit,https://nascenia.com,https://nascenia.com/careers/,,,,,,,,Location: https://nascenia.com/careers/,https://nascenia.com/,,,,nascenia.com,207; 561,2,NO,,NO,,YES,MONITOR_READY
C0325,Nativedigital,domain_inferred,https://nativedigital.com.bd/,,,,,,,,,Tech Stack: looks cool but cannot reach | Is Applied: -----,,,,,nativedigital.com.bd,431,1,NO,,YES,Company name inferred from domain/LinkedIn/email,YES,FIND_CAREER_PAGE
C0560,Navigatortechnologies,linkedin_inferred,,,https://www.linkedin.com/company/navigatortechnologies/?originalSubdomain=bd,,,,,2/4,,Specialization They Need: 2 out of 4,,,,,,687,1,NO,,YES,Company name inferred from domain/LinkedIn/email; Missing company/career website,YES,ENRICH_FROM_LINKEDIN
C0418,Nazabigroup,domain_inferred,https://nazabigroup.com/,,https://www.linkedin.com/company/nazabigroup/,,,,3.0,,,Tech Stack: https://nazabigroup.com/ | Specialization They Need: 3 emp,,,,,nazabigroup.com,531,1,NO,,YES,Company name inferred from domain/LinkedIn/email,YES,FIND_CAREER_PAGE
C0781,Nazihartech,domain_inferred,http://www.nazihartech.com/,,,,,,,,,Tech Stack: aiub er ek vai job kore .. but nam mone nai,,,,,nazihartech.com,931,1,NO,,YES,Company name inferred from domain/LinkedIn/email,YES,FIND_CAREER_PAGE
C0938,Naztech,domain_inferred,,https://naztech.io/job-openings/,,recruitment@naztech.us.com,,,,,,Is Applied: yes | Re Apply Count: 22 Jun-e | Location: recruitment@naztech.us.com,,,,,naztech.io,1123,1,NO,,YES,Company name inferred from domain/LinkedIn/email,YES,MONITOR_READY
C0371,Nerddevs,domain_inferred,https://nerddevs.com/,,https://www.linkedin.com/company/nerddevs/people/,,aftabnagar,,,,,Tech Stack: https://nerddevs.com/ | Openning: cool aftabnagar,,,,,nerddevs.com,478,1,NO,,YES,Company name inferred from domain/LinkedIn/email,YES,FIND_CAREER_PAGE
C0285,Netcoden,domain_inferred,,https://netcoden.com/careers/,,,pallabi,,,,,Openning: pallabi,,,,,netcoden.com,388,1,NO,,YES,Company name inferred from domain/LinkedIn/email,YES,MONITOR_READY
C0795,Netplanetsoft,domain_inferred,https://www.netplanetsoft.com/#,,,info@netplanetsoft.com,,,,,must try,Tech Stack: https://www.netplanetsoft.com/# | Openning: must try,,,,,netplanetsoft.com,947,1,NO,,YES,Company name inferred from domain/LinkedIn/email,YES,FIND_CAREER_PAGE
C0398,Networld BD Plc,linkedin_inferred,,,https://www.linkedin.com/company/networld-bd-plc/,,,,,,,,,,,,,507,1,NO,,YES,Company name inferred from domain/LinkedIn/email; Missing company/career website,YES,ENRICH_FROM_LINKEDIN
C0345,Neural Semiconductor,domain_inferred,,https://www.neural-semiconductor.com/career,,,,,,,,Openning: VLSI,,,,,neural-semiconductor.com,452,1,NO,,YES,Company name inferred from domain/LinkedIn/email,YES,MONITOR_READY
C0845,Neuron33,domain_inferred,https://neuron33.com/,,,,,,,,,Openning: cool icons,,,,,neuron33.com,1007,1,NO,,YES,Company name inferred from domain/LinkedIn/email,YES,FIND_CAREER_PAGE
C0415,Newgen Technology Limited,linkedin_inferred,,,https://www.linkedin.com/company/newgen-technology-limited/?originalSubdomain=bd,,,,,,,,,,,,,528,1,NO,,YES,Company name inferred from domain/LinkedIn/email; Missing company/career website,YES,ENRICH_FROM_LINKEDIN
C1028,Nexdecade,domain_inferred,,https://www.nexdecade.com/life-at-a-glance/career,,,,,,,no opening,Tech Stack: no opening rn,,,,,nexdecade.com,1237,1,NO,,YES,Company name inferred from domain/LinkedIn/email,YES,MONITOR_READY
C0809,Nexkraft,domain_inferred,,https://www.nexkraft.com/career/#currentlyOpen,,,,,,,promising,Openning: super promising,,,,,nexkraft.com,965,1,NO,,YES,Company name inferred from domain/LinkedIn/email,YES,MONITOR_READY
C0264,next page technology ltd hiring,explicit,,,,,,,,,hiring,Tech Stack: search in google,,,,,,365,1,YES,Source review: name_only_no_url_email,YES,Missing company/career website,YES,MANUAL_REVIEW
C0703,Nextbell,linkedin_inferred,,,https://www.linkedin.com/company/nextbell/,,,,22.0,,,Specialization They Need: 22 emp,,,,,,847,1,NO,,YES,Company name inferred from domain/LinkedIn/email; Missing company/career website,YES,ENRICH_FROM_LINKEDIN
C0489,nexterasoftware,explicit,,,,,,,,,,Location: 2025 comilla,,,,,,615,1,YES,Source review: name_only_no_url_email,YES,Missing company/career website,YES,MANUAL_REVIEW
C0479,Nextgen Data Systems Ltd,linkedin_inferred,,,https://www.linkedin.com/company/nextgen-data-systems-ltd/?originalSubdomain=bd,,,,2.0,,,Specialization They Need: 2 emp,,,,,,605,1,NO,,YES,Company name inferred from domain/LinkedIn/email; Missing company/career website,YES,ENRICH_FROM_LINKEDIN
C0842,Nextgenbd,domain_inferred,https://nextgenbd.net/,,,,,,,,,,,,,,nextgenbd.net,1004,1,NO,,YES,Company name inferred from domain/LinkedIn/email,YES,FIND_CAREER_PAGE
C0348,Nextgenitltd,domain_inferred,https://www.nextgenitltd.com/,,,info@nextgenitltd.com,,,,,,Tech Stack: info@nextgenitltd.com | Specialization They Need: have carrer page but errro,,,,,nextgenitltd.com,455,1,NO,,YES,Company name inferred from domain/LinkedIn/email,YES,FIND_CAREER_PAGE
C0676,Nextitltd,linkedin_inferred,,,https://www.linkedin.com/company/nextitltd/,,,,,1/29,,Specialization They Need: 1 of 29,,,,,,819,1,NO,,YES,Company name inferred from domain/LinkedIn/email; Missing company/career website,YES,ENRICH_FROM_LINKEDIN
C0535,Nextivesolution,domain_inferred,,https://www.nextivesolution.com/career,https://www.linkedin.com/in/nextivesolution/,,,,,,planning,Tech Stack: https://www.linkedin.com/in/nextivesolution/ | Openning: hire back end | Is Applied: planning | Re Apply Count: check please please,,,,,nextivesolution.com,662,1,NO,,YES,Company name inferred from domain/LinkedIn/email,YES,MONITOR_READY
C0329,Nextsolutionlab,domain_inferred,,https://www.nextsolutionlab.com/career,,,,,,,must apply,Openning: fullstack must apply,,,,,nextsolutionlab.com,435,1,NO,,YES,Company name inferred from domain/LinkedIn/email,YES,MONITOR_READY
C0076,Nextzen Limited,explicit,https://www.nextzen.net/,,,,,,,,,,https://www.nextzen.net,,,,nextzen.net,97; 173,2,NO,,NO,,YES,FIND_CAREER_PAGE
C0615,Ngitalbd,linkedin_inferred,,,https://www.linkedin.com/company/ngitalbd/,,,,18.0,,,Tech Stack: marketing agency | Specialization They Need: 18 emp || Openning: marketing | Years of Exp want: 18 emp,,,,,,743; 746,2,NO,,YES,Company name inferred from domain/LinkedIn/email; Missing company/career website,YES,ENRICH_FROM_LINKEDIN
C0488,Niduslab,domain_inferred,,https://niduslab.com/career/employment-opportunities,,,,"ai, laravel",,,"hiring, planning","Openning: hiring ai engineer , ui, laravel | Is Applied: planning",,,,,niduslab.com,614,1,NO,,YES,Company name inferred from domain/LinkedIn/email,YES,MONITOR_READY
C0911,Niftycoders,domain_inferred,https://www.niftycoders.com/contact-us,,,rezwan@niftycoders.com,uttara,,,,,"Tech Stack: Sector - 03, Uttara | Openning: WWS - opportunity work with senior | Years of Exp want: rezwan@niftycoders.com",,,,,niftycoders.com,1086,1,NO,,YES,Company name inferred from domain/LinkedIn/email,YES,FIND_CAREER_PAGE
C0412,Niftyitsolution,domain_inferred,,https://niftyitsolution.com/career/ https://niftyitsolution.com/career/#jobs,https://www.linkedin.com/company/niftyitsolution/,hr@niftyitsolution.com,,node js,,4/18,,Tech Stack: hr@niftyitsolution.com | Openning: node js | Specialization They Need: https://niftyitsolution.com/career/#jobs | Years of Exp want: 4 of 18 | Re Apply Count: need to check | Location: https://www.linkedin.com/company/niftyitsolution/,,,,,niftyitsolution.com,524,1,NO,,YES,Company name inferred from domain/LinkedIn/email,YES,MONITOR_READY
C0746,Nilavo Technologies Ltd.,linkedin_inferred,,,https://www.linkedin.com/company/nilavo-technologies-ltd./,,,,4.0,,,Specialization They Need: 4 emp,,,,,,891,1,NO,,YES,Company name inferred from domain/LinkedIn/email; Missing company/career website,YES,ENRICH_FROM_LINKEDIN
C0942,Nitex,domain_inferred,https://nitex.com/ https://nitex.com/page/talent,,,,,,,,,Tech Stack: https://nitex.com/page/talent | Is Applied: yes | Re Apply Count: 22 Jun-e,,,,,nitex.com,1127,1,NO,,YES,Company name inferred from domain/LinkedIn/email,YES,FIND_CAREER_PAGE
C0543,Nitsol Bangladesh Limited,linkedin_inferred,,,https://www.linkedin.com/company/nitsol-bangladesh-limited/?originalSubdomain=bd,,,,22.0,,,Openning: 22 emp | Specialization They Need: cctv,,,,,,670,1,NO,,YES,Company name inferred from domain/LinkedIn/email; Missing company/career website,YES,ENRICH_FROM_LINKEDIN
C0389,nksoft,explicit,https://www.fusioninfotechltd.com/,,,,,,,,,Location: https://www.fusioninfotechltd.com/,,,,,fusioninfotechltd.com,498,1,NO,,NO,,YES,FIND_CAREER_PAGE
C0670,Nns Solution Limited,linkedin_inferred,,,https://www.linkedin.com/company/nns-solution-limited/,,,,,3/27,,Specialization They Need: 3 of 27,,,,,,812,1,NO,,YES,Company name inferred from domain/LinkedIn/email; Missing company/career website,YES,ENRICH_FROM_LINKEDIN
C1043,Nobo IT,explicit,https://www.noboit.com/,,,,,,,,not loading,Comment: site is not loading || Comment: can not find urll,https://www.noboit.com,,,,noboit.com,1272; 1302,2,NO,,NO,,YES,FIND_CAREER_PAGE
C0271,Nodesdigitalbd,domain_inferred,,https://www.nodesdigitalbd.com/career/,,,,java,,,,Tech Stack: IOT java,,,,,nodesdigitalbd.com,372,1,NO,,YES,Company name inferred from domain/LinkedIn/email,YES,MONITOR_READY
C0090,Nogor Solutions,explicit,https://nogorsolutions.com,https://nogorsolutions.com/career,,,,laravel,,,,Tech Stack: laravel vue,,,,,nogorsolutions.com,121; 1067,2,NO,,NO,,YES,MONITOR_READY
C0026,Noorhikmah,domain_inferred,https://noorhikmah.com/ https://www.tirzok.com/about-us,,,info@noorhikmah.com,,,,,,mail to: info@noorhikmah.com | Location: https://www.tirzok.com/about-us,,,,,noorhikmah.com,42,1,YES,Source review: multiple_domains,YES,Company name inferred from domain/LinkedIn/email,YES,MANUAL_REVIEW
C0823,Notionhive,domain_inferred,,https://notionhive.com/career#openings,,,,,,,,Tech Stack: cool company,,,,,notionhive.com,980,1,NO,,YES,Company name inferred from domain/LinkedIn/email,YES,MONITOR_READY
C0955,Nrdcompanies,domain_inferred,,https://www.nrdcompanies.com/career/,,,,,,,,Openning: apply for bangladesh | Is Applied: yes,,,,,nrdcompanies.com,1140,1,NO,,YES,Company name inferred from domain/LinkedIn/email,YES,MONITOR_READY
C0327,Nuport,domain_inferred,https://www.nuport.io/integrations,,,,,,,,,Openning: for idea gathering of a project,,,,,nuport.io,433,1,NO,,YES,Company name inferred from domain/LinkedIn/email,YES,FIND_CAREER_PAGE
C0970,Nybsys,domain_inferred,,https://nybsys.com/career/,,hrd@nybsys.com,,,,,,Is Applied: mail address not found | Location: https://nybsys.com/career/,,,,,nybsys.com,1161,1,NO,,YES,Company name inferred from domain/LinkedIn/email,YES,MONITOR_READY
C0664,Nyk Advance Limited,linkedin_inferred,,,https://www.linkedin.com/company/nyk-advance-limited/,,,,,1/15,,Specialization They Need: 1 of 15,,,,,,806,1,NO,,YES,Company name inferred from domain/LinkedIn/email; Missing company/career website,YES,ENRICH_FROM_LINKEDIN
C0195,Nymphsolutions,domain_inferred,https://career.nymphsolutions.com/,,,,,,,,,,,,,,nymphsolutions.com,292,1,NO,,YES,Company name inferred from domain/LinkedIn/email,YES,FIND_CAREER_PAGE
C0726,Nztech Xyz,linkedin_inferred,,,https://www.linkedin.com/company/nztech-xyz/,,,,2.0,,,Specialization They Need: 2 emp,,,,,,870,1,NO,,YES,Company name inferred from domain/LinkedIn/email; Missing company/career website,YES,ENRICH_FROM_LINKEDIN
C0867,Oberon Services,domain_inferred,https://oberon-services.com,,,,rampura,cyber,,,,Tech Stack: cyber | Openning: rampura,,,,,oberon-services.com,1032,1,NO,,YES,Company name inferred from domain/LinkedIn/email,YES,FIND_CAREER_PAGE
C0798,Objectcanvas,domain_inferred,,https://www.objectcanvas.com/careers,,,,,,,must try,Openning: must try,,,,,objectcanvas.com,950,1,NO,,YES,Company name inferred from domain/LinkedIn/email,YES,MONITOR_READY
C0261,Oblivionsolutions,linkedin_inferred,,,https://www.linkedin.com/company/oblivionsolutions/,,,,,,,,,,,,,362,1,NO,,YES,Company name inferred from domain/LinkedIn/email; Missing company/career website,YES,ENRICH_FROM_LINKEDIN
C0937,Octopi,domain_inferred,https://octopi.com.bd/play-with-us/,,,info@octopi.com.bd,,,,,,Is Applied: yes | Location: https://octopi.com.bd/play-with-us/,,,,,octopi.com.bd,1122,1,NO,,YES,Company name inferred from domain/LinkedIn/email,YES,FIND_CAREER_PAGE
C0990,Octopusbd,domain_inferred,https://www.octopusbd.net/team,,,,,,,,"hiring, no hiring, no hiring page",Openning: no hiring page found,,,,,octopusbd.net,1191,1,NO,,YES,Company name inferred from domain/LinkedIn/email,YES,FIND_CAREER_PAGE
C0132,Ollyo,explicit,https://ollyo.com,,,,,,,,,,,,,,ollyo.com,176,1,NO,,NO,,YES,FIND_CAREER_PAGE
C0374,Omegaeximltd,domain_inferred,,https://www.omegaeximltd.com/career/,,,,,,,,Openning: cloud solution,,,,,omegaeximltd.com,481,1,NO,,YES,Company name inferred from domain/LinkedIn/email,YES,MONITOR_READY
C0099,Omegasolution BD,explicit,https://omegasolutionbd.com,,,,,,,,,Comment: can not find urll,https://omegasolutionbd.com/,,,,omegasolutionbd.com,130; 1286,2,YES,Multiple different explicit company names merged,NO,,YES,MANUAL_REVIEW
C0576,Omnixima,domain_inferred,https://career.omnixima.com/#vacancies,,,,,,,,,Tech Stack: https://www.facebook.com/omnixima/,,,,,omnixima.com,703,1,NO,,YES,Company name inferred from domain/LinkedIn/email,YES,FIND_CAREER_PAGE
C0852,Omukk,domain_inferred,,https://omukk.dev/careers/,,,,django,,,,Tech Stack: django,,,,,omukk.dev,1015,1,NO,,YES,Company name inferred from domain/LinkedIn/email,YES,MONITOR_READY
C0793,Oneictltd,domain_inferred,,https://www.oneictltd.com/careers,,,,,,,,Openning: try,,,,,oneictltd.com,943,1,NO,,YES,Company name inferred from domain/LinkedIn/email,YES,MONITOR_READY
C0790,Onelittleweb,domain_inferred,,https://onelittleweb.com/careers/,,,,,,,,Openning: try,,,,,onelittleweb.com,940,1,NO,,YES,Company name inferred from domain/LinkedIn/email,YES,MONITOR_READY
C0850,Oneworldinfotech,linkedin_inferred,,,https://www.linkedin.com/company/oneworldinfotech/,,,cyber,,,,Tech Stack: cyber sequrity,,,,,,1013,1,NO,,YES,Company name inferred from domain/LinkedIn/email; Missing company/career website,YES,ENRICH_FROM_LINKEDIN
C0015,OnnoRokom Software,explicit,https://onnorokomsoftware.com/,,,info@onnorokomsoftware.com,,,,,,Location: info@onnorokomsoftware.com,https://onnorokomsoftware.com,,,,onnorokomsoftware.com,31; 211,2,NO,,NO,,YES,FIND_CAREER_PAGE
C0804,Onnorokomprojukti,domain_inferred,,https://onnorokomprojukti.com/Career,,,,,,,,Tech Stack: try,,,,,onnorokomprojukti.com,957,1,NO,,YES,Company name inferred from domain/LinkedIn/email,YES,MONITOR_READY
C0167,ONTIK Technology,explicit,https://www.ontiktechnology.com,https://www.ontiktechnology.com/career,,,,node js,,,must try,Openning: node js | Specialization They Need: must try,,,,,ontiktechnology.com,228; 946,2,NO,,NO,,YES,MONITOR_READY
C0747,Opediatech,linkedin_inferred,,,https://www.linkedin.com/company/opediatech/,,,,4.0,,,Specialization They Need: 4 emp,,,,,,892,1,NO,,YES,Company name inferred from domain/LinkedIn/email; Missing company/career website,YES,ENRICH_FROM_LINKEDIN
C0982,Opus BD,domain_inferred,https://opus-bd.com/,,,hr@opus-bd.com,,,,,planning,Is Applied: planning | Location: https://opus-bd.com/,,,,,opus-bd.com,1173,1,NO,,YES,Company name inferred from domain/LinkedIn/email,YES,FIND_CAREER_PAGE
C0079,orangebd,explicit,,https://www.orangebd.com/career/,,info@orangebd.com,,,,,planning,Is Applied: planning | Location: https://www.orangebd.com/career/,,,,,orangebd.com,106; 1179,2,NO,,NO,,YES,MONITOR_READY
C0487,Orbeetal,domain_inferred,https://www.orbeetal.com/team,,,,,,,,"hiring, no hiring, no hiring page",Tech Stack: no hiring page found,,,,,orbeetal.com,613,1,NO,,YES,Company name inferred from domain/LinkedIn/email,YES,FIND_CAREER_PAGE
C0024,Orbitax,domain_inferred,https://www.orbitax.com/,,,,,,,,,,,,,,orbitax.com,40,1,NO,,YES,Company name inferred from domain/LinkedIn/email,YES,FIND_CAREER_PAGE
C0712,Orbitit,linkedin_inferred,,,https://www.linkedin.com/company/orbitit/,,,,4.0,,,Specialization They Need: 4 emp,,,,,,856,1,NO,,YES,Company name inferred from domain/LinkedIn/email; Missing company/career website,YES,ENRICH_FROM_LINKEDIN
C0975,Orbittechinc,domain_inferred,https://orbittechinc.com/node-js-developer-drop-cv/,https://pandughar.com/careers/,,,,,,,planning,Openning: https://pandughar.com/careers/ | Is Applied: planning,,,,,orbittechinc.com; pandughar.com,1166,1,YES,Multiple corporate domains; Source review: multiple_domains,YES,Company name inferred from domain/LinkedIn/email,YES,MANUAL_REVIEW
C0500,Orboroi,domain_inferred,https://orboroi.com/,,https://www.linkedin.com/company/orboroi/,,,,6.0,,,Tech Stack: https://orboroi.com/ | Specialization They Need: 6 emp,,,,,orboroi.com,626,1,NO,,YES,Company name inferred from domain/LinkedIn/email,YES,FIND_CAREER_PAGE
C0269,Orgquest,domain_inferred,,https://www.orgquest.com/career/current-vacancies-for-permanent-employment/,,,,,,,,,,,,,orgquest.com,370,1,NO,,YES,Company name inferred from domain/LinkedIn/email,YES,MONITOR_READY
C0101,Orion Informatics,explicit,https://orioninformatics.com,,,,,,,,,,,,,,orioninformatics.com,133,1,NO,,NO,,YES,FIND_CAREER_PAGE
C0494,Oss,domain_inferred,https://oss.com.bd/our-skills/,https://oss.com.bd/career/,,,,"dot net, php",,,planning,Is Applied: planning || Tech Stack: dot net php,,,,,oss.com.bd,620; 1063,2,NO,,YES,Company name inferred from domain/LinkedIn/email,YES,MONITOR_READY
C0054,Ostad,explicit,https://ostad.app/,,,,,,,,,,,,,,ostad.app,73,1,NO,,NO,,YES,FIND_CAREER_PAGE
C0411,P2msoft,linkedin_inferred,,,https://www.linkedin.com/company/p2msoft/,,,,,2/25,,Years of Exp want: 2 of 25,,,,,,523,1,NO,,YES,Company name inferred from domain/LinkedIn/email; Missing company/career website,YES,ENRICH_FROM_LINKEDIN
C0652,Padakhep,linkedin_inferred,,,https://www.linkedin.com/company/padakhep/,,,,,,,Specialization They Need: HR AIUB,,,,,,794,1,NO,,YES,Company name inferred from domain/LinkedIn/email; Missing company/career website,YES,ENRICH_FROM_LINKEDIN
C0604,Pakizasoftware,linkedin_inferred,,,https://www.linkedin.com/company/pakizasoftware/?originalSubdomain=bd,,,,,1/53,,Tech Stack: 1 of 53 (shadmanur islam shishir),,,,,,731,1,NO,,YES,Company name inferred from domain/LinkedIn/email; Missing company/career website,YES,ENRICH_FROM_LINKEDIN
C0743,Panorama Infosys Ltd,linkedin_inferred,,,https://www.linkedin.com/company/panorama-infosys-ltd/?originalSubdomain=bd,,,,4.0,,,Specialization They Need: 4 emp,,,,,,888,1,NO,,YES,Company name inferred from domain/LinkedIn/email; Missing company/career website,YES,ENRICH_FROM_LINKEDIN
C0709,Panoramamas,linkedin_inferred,,,https://www.linkedin.com/company/panoramamas/,,,,4.0,,,Specialization They Need: 4 emp,,,,,,853,1,NO,,YES,Company name inferred from domain/LinkedIn/email; Missing company/career website,YES,ENRICH_FROM_LINKEDIN
C0056,Paperfly,explicit,https://www.paperfly.com.bd/,,,,,,,,,,https://www.paperfly.com.bd,,,,paperfly.com.bd,75; 260,2,NO,,NO,,YES,FIND_CAREER_PAGE
C0917,Parallaxlogic,domain_inferred,,https://www.parallaxlogic.com/career.html,,info@parallaxlogic.com,,,,,,Specialization They Need: cool | Is Applied: yes | Re Apply Count: 22 Jun-e | Location: https://www.parallaxlogic.com/career.html,,,,,parallaxlogic.com,1097,1,NO,,YES,Company name inferred from domain/LinkedIn/email,YES,MONITOR_READY
C0043,Pathao,explicit,https://pathao.com/,,,,,,,,,,https://pathao.com,,,,pathao.com,59; 248,2,NO,,NO,,YES,FIND_CAREER_PAGE
C0716,Paymentsaveuk,linkedin_inferred,,,https://www.linkedin.com/company/paymentsaveuk/?originalSubdomain=uk,,,,13.0,,,Specialization They Need: 13 emp,,,,,,860,1,NO,,YES,Company name inferred from domain/LinkedIn/email; Missing company/career website,YES,ENRICH_FROM_LINKEDIN
C0246,Paysenz,domain_inferred,,https://paysenz.com/default/career,,,,,,,,,,,,,paysenz.com,346,1,NO,,YES,Company name inferred from domain/LinkedIn/email,YES,MONITOR_READY
C0547,Paystation,domain_inferred,https://www.paystation.com.bd/,,https://www.linkedin.com/company/paystation/,,,,14.0,,,Tech Stack: https://www.paystation.com.bd/ | Specialization They Need: 14 emp,,,,,paystation.com.bd,674,1,NO,,YES,Company name inferred from domain/LinkedIn/email,YES,FIND_CAREER_PAGE
C0423,Paywellonline,domain_inferred,,https://www.paywellonline.com/careers.php,,,,php,,,planning,Is Applied: planning,,,,,paywellonline.com,536,1,NO,,YES,Company name inferred from domain/LinkedIn/email,YES,MONITOR_READY
C0228,pendulummotion,explicit,,,,,,,,,,,,,,,,328,1,YES,Source review: name_only_no_url_email,YES,Missing company/career website,YES,MANUAL_REVIEW
C0868,Penough,domain_inferred,https://penough.com/,,,,,cyber,,,,Openning: cyber | Specialization They Need: cool design,,,,,penough.com,1033,1,NO,,YES,Company name inferred from domain/LinkedIn/email,YES,FIND_CAREER_PAGE
C0402,Phase3solution,domain_inferred,,https://www.phase3solution.com/job-openings/,,,,laravel,,,,Tech Stack: laravel ui ux,,,,,phase3solution.com,514,1,NO,,YES,Company name inferred from domain/LinkedIn/email,YES,MONITOR_READY
C0114,Pickaboo,explicit,,,,,,,,,,,,,,,,152,1,YES,Source review: name_only_no_url_email,YES,Missing company/career website,YES,MANUAL_REVIEW
C0008,Piistech,domain_inferred,https://www.piistech.com/,,,info@piistech.com,uttara,,,,,Tech Stack: info[at]piistech.com | Openning: Uttara,,,,,piistech.com,24,1,NO,,YES,Company name inferred from domain/LinkedIn/email,YES,FIND_CAREER_PAGE
C0143,Piistech Limited,explicit,,,,,,,,,,,,,,,,194,1,YES,Source review: name_only_no_url_email,YES,Missing company/career website,YES,MANUAL_REVIEW
C0621,Pilabsbd,domain_inferred,,https://www.pilabsbd.com/career/,,,,,,,,,,,,,pilabsbd.com,759,1,NO,,YES,Company name inferred from domain/LinkedIn/email,YES,MONITOR_READY
C0140,Pipilika,explicit,https://www.pipilika.com/,,,,,,,,not loading,Comment: site is not loading,,,,,pipilika.com,191; 1268,2,YES,Source review: name_only_no_url_email,NO,,YES,MANUAL_REVIEW
C0302,Pirthe,email_inferred,,,,info@pirthe.com,,,,,,,,,,,,405,1,YES,Source review: contact_only,YES,Company name inferred from domain/LinkedIn/email; Missing company/career website,YES,MANUAL_REVIEW
C0713,Pixelvega,linkedin_inferred,,,https://www.linkedin.com/company/pixelvega/,,,,12.0,,hiring,Tech Stack: hiring ui | Specialization They Need: 12 emp,,,,,,857,1,NO,,YES,Company name inferred from domain/LinkedIn/email; Missing company/career website,YES,ENRICH_FROM_LINKEDIN
C0569,Polyuno,linkedin_inferred,,,https://www.linkedin.com/company/polyuno/,,,,3.0,,,Openning: 3 emp,,,,,,696,1,NO,,YES,Company name inferred from domain/LinkedIn/email; Missing company/career website,YES,ENRICH_FROM_LINKEDIN
C0194,Popular Tours and Travel,explicit,,,,,,,,,,Tech Stack: https://www.facebook.com/itssmfaisal/ AIUB Porichito,,,,,,291,1,YES,Source review: name_only_no_url_email,YES,Missing company/career website,YES,MANUAL_REVIEW
C0387,Portonics,domain_inferred,,https://www.portonics.com/career,,,,,,,,Is Applied: yes,,,,,portonics.com,496,1,NO,,YES,Company name inferred from domain/LinkedIn/email,YES,MONITOR_READY
C0124,Praava Health,explicit,,,,,,,,,,,,,,,,162,1,YES,Source review: name_only_no_url_email,YES,Missing company/career website,YES,MANUAL_REVIEW
C0366,Preneurlab,email_inferred,,,,jobs@preneurlab.com,,,,,,,,,,,,473,1,YES,Source review: contact_only,YES,Company name inferred from domain/LinkedIn/email; Missing company/career website,YES,MANUAL_REVIEW
C0098,Pridesys IT,explicit,https://pridesysit.com,,,,,,,,,,,,,,pridesysit.com,129,1,NO,,NO,,YES,FIND_CAREER_PAGE
C0147,Primacy Infotech,explicit,https://primacyinfotech.com,,,,,odoo,,,,Comment: Indian | Odoo,https://primacyinfotech.com/,,,,primacyinfotech.com,198; 1287,2,YES,Multiple different explicit company names merged,NO,,YES,MANUAL_REVIEW
C0889,Primacyinfotechltd,domain_inferred,,https://www.primacyinfotechltd.com/careers,,,badda,laravel,,,,Openning: laravel badda,,,,,primacyinfotechltd.com,1060,1,NO,,YES,Company name inferred from domain/LinkedIn/email,YES,MONITOR_READY
C0768,Prime Tech BD Solutions Ltd,linkedin_inferred,,,https://www.linkedin.com/company/prime-tech-bd-solutions-ltd/?originalSubdomain=bd,,,,,5/58,,Specialization They Need: 5 of 58,,,,,,914,1,NO,,YES,Company name inferred from domain/LinkedIn/email; Missing company/career website,YES,ENRICH_FROM_LINKEDIN
C0987,Privilege,domain_inferred,,https://www.privilege.com.bd/career,,,,,,,"hiring, no hiring, no hiring page",Openning: no hiring page found,,,,,privilege.com.bd,1187,1,NO,,YES,Company name inferred from domain/LinkedIn/email,YES,MONITOR_READY
C0116,PriyoShop,explicit,,,,,,,,,,,,,,,,154,1,YES,Source review: name_only_no_url_email,YES,Missing company/career website,YES,MANUAL_REVIEW
C0989,Prodata,domain_inferred,https://www.prodata.com.bd/home,,,,,,,,"hiring, no hiring, no hiring page",Openning: no hiring page found,,,,,prodata.com.bd,1190,1,NO,,YES,Company name inferred from domain/LinkedIn/email,YES,FIND_CAREER_PAGE
C0346,Proedgeasso,domain_inferred,,https://proedgeasso.com/job-listings/,,,,,,,,Tech Stack: hr consultency,,,,,proedgeasso.com,453,1,NO,,YES,Company name inferred from domain/LinkedIn/email,YES,MONITOR_READY
C0401,Proficient Information Systems,linkedin_inferred,,,https://www.linkedin.com/company/proficient-information-systems/?originalSubdomain=bd,,,,,,,,,,,,,510,1,NO,,YES,Company name inferred from domain/LinkedIn/email; Missing company/career website,YES,ENRICH_FROM_LINKEDIN
C0260,Progenytech,linkedin_inferred,,,https://www.linkedin.com/company/progenytech/people/,,,,,,,,,,,,,361,1,NO,,YES,Company name inferred from domain/LinkedIn/email; Missing company/career website,YES,ENRICH_FROM_LINKEDIN
C0276,Projukti BD,domain_inferred,,https://projukti-bd.com/careers,,,,,,,"hiring, no hiring",Tech Stack: no hiring,,,,,projukti-bd.com,378,1,NO,,YES,Company name inferred from domain/LinkedIn/email,YES,MONITOR_READY
C0766,Pulse366,linkedin_inferred,,,https://www.linkedin.com/company/pulse366/,,,,3.0,,,Openning: 3 emp,,,,,,912,1,NO,,YES,Company name inferred from domain/LinkedIn/email; Missing company/career website,YES,ENRICH_FROM_LINKEDIN
C0279,Pulsetechltd,domain_inferred,https://www.pulsetechltd.com/,,,,,,,,,,,,,,pulsetechltd.com,382,1,NO,,YES,Company name inferred from domain/LinkedIn/email,YES,FIND_CAREER_PAGE
C0632,Purno Technologies Ltd,linkedin_inferred,,,https://www.linkedin.com/company/purno-technologies-ltd/,,,,,,,Openning: 1 of,,,,,,773,1,NO,,YES,Company name inferred from domain/LinkedIn/email; Missing company/career website,YES,ENRICH_FROM_LINKEDIN
C0341,Pwc,domain_inferred,,https://www.pwc.com/gx/en/careers.html,,,,,,,,Tech Stack: oracle,,,,,pwc.com,448,1,NO,,YES,Company name inferred from domain/LinkedIn/email,YES,MONITOR_READY
C0764,Qaprolimited,linkedin_inferred,,,https://www.linkedin.com/company/qaprolimited/?originalSubdomain=bd,,,,11.0,,,Openning: 11 emp,,,,,,909,1,NO,,YES,Company name inferred from domain/LinkedIn/email; Missing company/career website,YES,ENRICH_FROM_LINKEDIN
C0794,Qodemart,domain_inferred,,https://qodemart.com/career,,hr@qodemart.com,,,,,,Tech Stack: hr@qodemart.com | Openning: opportunity here,,,,,qodemart.com,944,1,NO,,YES,Company name inferred from domain/LinkedIn/email,YES,MONITOR_READY
C0424,Qtecsolution,domain_inferred,https://hrm.qtecsolution.net/talent-pool https://qtec.agency/,,,,,,,,planning,Tech Stack: https://qtec.agency/ | Is Applied: planning | Re Apply Count: must || Openning: no open position,https://hrm.qtecsolution.net/,,,,qtecsolution.net,537; 541,2,YES,Source review: multiple_domains,YES,Company name inferred from domain/LinkedIn/email,YES,MANUAL_REVIEW
C0468,Quantanite,domain_inferred,https://careers.quantanite.com/,,https://www.linkedin.com/company/quantanite/,,,,,35/911,hiring,Openning: hiring IT | Specialization They Need: 35 of 911 | Location: https://www.linkedin.com/company/quantanite/,,,,,quantanite.com,592,1,NO,,YES,Company name inferred from domain/LinkedIn/email,YES,FIND_CAREER_PAGE
C0633,Quantfintech,linkedin_inferred,,,https://www.linkedin.com/company/quantfintech/?originalSubdomain=bd,,,,,3/25,,Tech Stack: fintech | Openning: 3 of 25,,,,,,774,1,NO,,YES,Company name inferred from domain/LinkedIn/email; Missing company/career website,YES,ENRICH_FROM_LINKEDIN
C0441,Quantigo,domain_inferred,,https://www.quantigo.ai/careers,,,,ai,,,,,,,,,quantigo.ai,556,1,NO,,YES,Company name inferred from domain/LinkedIn/email,YES,MONITOR_READY
C0895,Quantumcloud,domain_inferred,,https://www.quantumcloud.com/career/,,,,,,,,Tech Stack: word press,,,,,quantumcloud.com,1068,1,NO,,YES,Company name inferred from domain/LinkedIn/email,YES,MONITOR_READY
C1029,Questbdc,domain_inferred,,https://questbdc.com/careers.php,,,,php,,,,,,,,,questbdc.com,1238,1,NO,,YES,Company name inferred from domain/LinkedIn/email,YES,MONITOR_READY
C0693,Questionpro,domain_inferred,,https://www.questionpro.com/info/careers.html,https://www.linkedin.com/company/questionpro/,,,,17.0,,,Tech Stack: https://www.questionpro.com/info/careers.html | Specialization They Need: 17 emp,,,,,questionpro.com,837,1,NO,,YES,Company name inferred from domain/LinkedIn/email,YES,MONITOR_READY
C0697,Quicksoftltd,domain_inferred,https://quicksoftltd.com/,,https://www.linkedin.com/company/quicksoftltd/,,,,2.0,,,Tech Stack: https://quicksoftltd.com/ | Specialization They Need: 2 emp,,,,,quicksoftltd.com,841,1,NO,,YES,Company name inferred from domain/LinkedIn/email,YES,FIND_CAREER_PAGE
C0875,Qzency,domain_inferred,,https://qzency.com/career-opportunity/,,,,,,,,Openning: next js,,,,,qzency.com,1043,1,NO,,YES,Company name inferred from domain/LinkedIn/email,YES,MONITOR_READY
C1006,Race,domain_inferred,,https://www.race.net.bd/careers/,,,,,,,no opening,Openning: no opening rn,,,,,race.net.bd,1210,1,NO,,YES,Company name inferred from domain/LinkedIn/email,YES,MONITOR_READY
C1014,Radiantds,domain_inferred,,https://www.radiantds.com/careers#available-jobs,,,,,,,planning,Is Applied: planning,,,,,radiantds.com,1222,1,NO,,YES,Company name inferred from domain/LinkedIn/email,YES,MONITOR_READY
C1048,Radisson Digital Technologies,explicit,https://radissondigital.com,,,,,,,,not loading,Comment: not loading,,,,,radissondigital.com,1295,1,NO,,NO,,YES,FIND_CAREER_PAGE
C0058,RadiusTheme,explicit,https://radiustheme.com/,,,,,,,,,Comment: error,,,,,radiustheme.com,78; 1306,2,YES,Source review: name_only_no_url_email,NO,,YES,MANUAL_REVIEW
C0715,Raintor Limited,linkedin_inferred,,,https://www.linkedin.com/company/raintor-limited/,,,,6.0,,,Specialization They Need: 6 emp,,,,,,859,1,NO,,YES,Company name inferred from domain/LinkedIn/email; Missing company/career website,YES,ENRICH_FROM_LINKEDIN
C0383,Rajit,domain_inferred,,https://rajit.net/career/,,,rajshahi,c#,,,,Openning: rajshahi C# lara,,,,,rajit.net,491,1,NO,,YES,Company name inferred from domain/LinkedIn/email,YES,MONITOR_READY
C0220,Raktch,domain_inferred,,https://www.raktch.com/careers/,,,,,,,,,,,,,raktch.com,320,1,NO,,YES,Company name inferred from domain/LinkedIn/email,YES,MONITOR_READY
C0215,Rankwizards,domain_inferred,http://www.rankwizards.co,,,saleh.ahmed2012@gmail.com,mirpur,,,,,Tech Stack: mirpur | Openning: saleh.ahmed2012@gmail.com,,,,,rankwizards.co,315,1,NO,,YES,Company name inferred from domain/LinkedIn/email,YES,FIND_CAREER_PAGE
C0193,Razinsoft,domain_inferred,,https://razinsoft.com/career,,,,,,,,,,,,,razinsoft.com,290,1,NO,,YES,Company name inferred from domain/LinkedIn/email,YES,MONITOR_READY
C0599,Rebingtechltd,linkedin_inferred,,,https://www.linkedin.com/company/rebingtechltd/,,,,,1/3,,Specialization They Need: 1 of 3,,,,,,726,1,NO,,YES,Company name inferred from domain/LinkedIn/email; Missing company/career website,YES,ENRICH_FROM_LINKEDIN
C0947,Recombd,domain_inferred,,https://recombd.com/career/,,,,,,,,Is Applied: yes | Re Apply Count: 22 Jun-e,,,,,recombd.com,1132,1,NO,,YES,Company name inferred from domain/LinkedIn/email,YES,MONITOR_READY
C0253,Redingtongroup,domain_inferred,https://redingtongroup.com/,,,,,,,,,Openning: You can get good design idea,,,,,redingtongroup.com,353,1,NO,,YES,Company name inferred from domain/LinkedIn/email,YES,FIND_CAREER_PAGE
C0643,Redqinc,linkedin_inferred,,,https://www.linkedin.com/company/redqinc/,,,,,1/22,,Specialization They Need: 1 of 22,,,,,,785,1,NO,,YES,Company name inferred from domain/LinkedIn/email; Missing company/career website,YES,ENRICH_FROM_LINKEDIN
C0840,Redvioletdigital,domain_inferred,https://redvioletdigital.com/about-us/,,,,,,,,,,,,,,redvioletdigital.com,1002,1,NO,,YES,Company name inferred from domain/LinkedIn/email,YES,FIND_CAREER_PAGE
C0055,RedX,explicit,https://redx.com.bd/,,,,,,,,,,https://redx.com.bd,,,,redx.com.bd,74; 259,2,NO,,NO,,YES,FIND_CAREER_PAGE
C0590,Reea Digital Limited,linkedin_inferred,,,https://www.linkedin.com/company/reea-digital-limited/?originalSubdomain=bd,,,,,4/10,interesting,Openning: aiub | Specialization They Need: 4 of 10 | Years of Exp want: interesting,,,,,,717,1,NO,,YES,Company name inferred from domain/LinkedIn/email; Missing company/career website,YES,ENRICH_FROM_LINKEDIN
C0954,Reformedtech,domain_inferred,,https://www.reformedtech.org/career/,,contact@reformedtech.org,,,,,,Tech Stack: contact@reformedtech.org | Is Applied: yes,,,,,reformedtech.org,1139,1,NO,,YES,Company name inferred from domain/LinkedIn/email,YES,MONITOR_READY
C0792,Regnumit,domain_inferred,https://regnumit.com/,,,info@regnumit.com info@regnum.com.bd,,ai,,,,Tech Stack: info@regnum.com.bd | Openning: try | Specialization They Need: https://regnumit.com/ | Location: AI,,,,,regnumit.com,942,1,NO,,YES,Company name inferred from domain/LinkedIn/email,YES,FIND_CAREER_PAGE
C0465,Relisource,domain_inferred,,https://www.relisource.com/careers/,,,,sqa,,,,"Tech Stack: huge opening | Openning: data eng, sqa,",,,,,relisource.com,589,1,NO,,YES,Company name inferred from domain/LinkedIn/email,YES,MONITOR_READY
C0308,Renessainfosystems,domain_inferred,,https://www.renessainfosystems.com/career,,hr@renessainfosystems.com,,,,,outdated,Openning: outdated | Is Applied: yes,,,,,renessainfosystems.com,412; 1142,2,YES,Source review: contact_only,YES,Company name inferred from domain/LinkedIn/email,YES,MANUAL_REVIEW
C0575,Repliqlimited,linkedin_inferred,,,https://www.linkedin.com/company/repliqlimited/?originalSubdomain=bd,,,,5.0,,,Openning: 5 emp | Specialization They Need: may be cool,,,,,,702,1,NO,,YES,Company name inferred from domain/LinkedIn/email; Missing company/career website,YES,ENRICH_FROM_LINKEDIN
C0331,Retinasoft,domain_inferred,,https://www.retinasoft.com.bd/career/,,,,"laravel, php",,,,Openning: php laravel,,,,,retinasoft.com.bd,437,1,NO,,YES,Company name inferred from domain/LinkedIn/email,YES,MONITOR_READY
C0187,REVE Systems,explicit,https://www.revesoft.com,https://www.revesoft.com/career#drop-your-resume,,,,,,,planning,Is Applied: planning || Years of Exp want: uploaded | Is Applied: yes | Re Apply Count: 25 Jun-e,https://www.revesoft.com/,,,,revesoft.com,272; 586; 1149,3,NO,,NO,,YES,MONITOR_READY
C0230,Reveit,domain_inferred,https://reveit.com/contact,,,info@reveit.com,uttara,,,,,Tech Stack: uttara | Location: https://reveit.com/contact,,,,,reveit.com,330,1,NO,,YES,Company name inferred from domain/LinkedIn/email,YES,FIND_CAREER_PAGE
C0644,Revinns,linkedin_inferred,,,https://www.linkedin.com/company/revinns/,,,,,1/12,,Specialization They Need: 1 of 12,,,,,,786,1,NO,,YES,Company name inferred from domain/LinkedIn/email; Missing company/career website,YES,ENRICH_FROM_LINKEDIN
C0199,Revinr,domain_inferred,,https://revinr.com/careers/,,,,,,,,,,,,,revinr.com,296,1,NO,,YES,Company name inferred from domain/LinkedIn/email,YES,MONITOR_READY
C0940,Revo Interactive,domain_inferred,,https://revo-interactive.com/career?,,,,,,,,Is Applied: yes | Re Apply Count: 22 Jun-e,,,,,revo-interactive.com,1125,1,NO,,YES,Company name inferred from domain/LinkedIn/email,YES,MONITOR_READY
C0322,Rightclick,domain_inferred,,https://www.rightclick.com.bd/career,,,,,,,,Openning: 29 years in IT,,,,,rightclick.com.bd,427; 1215,2,NO,,YES,Company name inferred from domain/LinkedIn/email,YES,MONITOR_READY
C0392,Righttime,domain_inferred,https://www.righttime.biz/all-job,,,,,,,,,,,,,,righttime.biz,501,1,NO,,YES,Company name inferred from domain/LinkedIn/email,YES,FIND_CAREER_PAGE
C0046,Riseup Labs,explicit,https://riseuplabs.com/,https://riseuplabs.com/jobs/,,,,,,,,Location: https://riseuplabs.com/jobs/,https://riseuplabs.com,,,,riseuplabs.com,62; 268,2,NO,,NO,,YES,MONITOR_READY
C0519,Ritorica,linkedin_inferred,,,https://www.linkedin.com/company/ritorica/?originalSubdomain=ae,,,,,1/3,,Openning: 1 of 3 (head of finance and acc),,,,,,646,1,NO,,YES,Company name inferred from domain/LinkedIn/email; Missing company/career website,YES,ENRICH_FROM_LINKEDIN
C0719,Rocketmanhq,domain_inferred,https://rocketmanhq.com/,,,,,,,,"hiring, no hiring, no hiring page",Tech Stack: no linked in page found | Location: no hiring page found,,,,,rocketmanhq.com,863,1,NO,,YES,Company name inferred from domain/LinkedIn/email,YES,FIND_CAREER_PAGE
C0844,Rodrigoexe,domain_inferred,https://rodrigoexe.com/,,,,,,,,,Openning: cool fonts,,,,,rodrigoexe.com,1006,1,NO,,YES,Company name inferred from domain/LinkedIn/email,YES,FIND_CAREER_PAGE
C0183,Rokomari,explicit,https://www.rokomari.com,https://www.rokomari.com/career/job,,,,,,,,Tech Stack: try,,,,,rokomari.com,257; 956,2,NO,,NO,,YES,MONITOR_READY
C0932,Rootnext,domain_inferred,,https://www.rootnext.com/career/,,,,,,,,Is Applied: yes | Re Apply Count: 22 Jun-e,,,,,rootnext.com,1116,1,NO,,YES,Company name inferred from domain/LinkedIn/email,YES,MONITOR_READY
C0105,Royal Green Limited,explicit,https://royalgreen.net,,,,,,,,,,,,,,royalgreen.net,138,1,NO,,NO,,YES,FIND_CAREER_PAGE
C0471,Royal Green Ltd,linkedin_inferred,,,https://www.linkedin.com/company/royal-green-ltd/?originalSubdomain=bd,,,,,,,Openning: net | Specialization They Need: 2,,,,,,595,1,NO,,YES,Company name inferred from domain/LinkedIn/email; Missing company/career website,YES,ENRICH_FROM_LINKEDIN
C0630,Rrad,domain_inferred,https://rrad.ltd/,,https://www.linkedin.com/company/rrad-bd/,,,,,2/7,,Tech Stack: https://rrad.ltd/ | Openning: 2 of 7,,,,,rrad.ltd,771,1,NO,,YES,Company name inferred from domain/LinkedIn/email,YES,FIND_CAREER_PAGE
C0614,Rtchubs,domain_inferred,,https://rtchubs.com/jobs/,,,,,,,hiring,Tech Stack: hiring ui ux marketing | Openning: try,,,,,rtchubs.com,742,1,NO,,YES,Company name inferred from domain/LinkedIn/email,YES,MONITOR_READY
C0439,Ryansarchives,domain_inferred,,https://www.ryansarchives.com/careers,,hr.ryans@gmail.com,,,,,,Location: https://www.ryansarchives.com/careers,,,,,ryansarchives.com,554,1,NO,,YES,Company name inferred from domain/LinkedIn/email,YES,MONITOR_READY
C0508,Sahajmobile,domain_inferred,,https://www.sahajmobile.org/careers,,,,"python, react",,,,"Tech Stack: data scientist, full stack python react",,,,,sahajmobile.org,634,1,NO,,YES,Company name inferred from domain/LinkedIn/email,YES,MONITOR_READY
C1033,Sales Manager BD,linkedin_inferred,,,https://www.linkedin.com/company/sales-manager-bd/,,,,42.0,,,Specialization They Need: 42 emp,,,,,,1244,1,NO,,YES,Company name inferred from domain/LinkedIn/email; Missing company/career website,YES,ENRICH_FROM_LINKEDIN
C0951,Samadhan,domain_inferred,https://samadhan.com.bd/join-samadhan/,,,,,,,,,Openning: elephant road | Is Applied: yes,,,,,samadhan.com.bd,1136,1,NO,,YES,Company name inferred from domain/LinkedIn/email,YES,FIND_CAREER_PAGE
C0275,Samm Tech,domain_inferred,https://samm-tech.com,,,,,,,,,,,,,,samm-tech.com,377,1,NO,,YES,Company name inferred from domain/LinkedIn/email,YES,FIND_CAREER_PAGE
C0258,Sanbj,domain_inferred,https://www.sanbj.com,,,,,,,,,Openning: R,,,,,sanbj.com,359,1,NO,,YES,Company name inferred from domain/LinkedIn/email,YES,FIND_CAREER_PAGE
C0554,Sarker Trade International Ltd,linkedin_inferred,,,https://www.linkedin.com/company/sarker-trade-international-ltd/?originalSubdomain=bd,,,,,2/12,,Openning: 2 of 12,,,,,,681,1,NO,,YES,Company name inferred from domain/LinkedIn/email; Missing company/career website,YES,ENRICH_FROM_LINKEDIN
C0301,Schope,domain_inferred,https://www.schope.co/schope-infotech-ltd/,,,,,,,,hiring,Openning: they are hiring by other platform,,,,,schope.co,404,1,NO,,YES,Company name inferred from domain/LinkedIn/email,YES,FIND_CAREER_PAGE
C0351,Sct Bangla,domain_inferred,,https://www.sct-bangla.com/careers,,,,,,,outdated,Tech Stack: seems outdated,,,,,sct-bangla.com,458,1,NO,,YES,Company name inferred from domain/LinkedIn/email,YES,MONITOR_READY
C0869,Secu Wall,domain_inferred,,https://secu-wall.com/careers/#openjobs,,,,cyber,,,,"Openning: cyber seq, netork seq",,,,,secu-wall.com,1034,1,NO,,YES,Company name inferred from domain/LinkedIn/email,YES,MONITOR_READY
C0048,SELISE Digital Platforms,explicit,https://selisegroup.com/,,,,,,,,,,https://selisegroup.com; https://selisegroup.com/about-us/#selise-career,,,,selisegroup.com,64; 266; 548,3,NO,,NO,,YES,FIND_CAREER_PAGE
C0702,Selopia,linkedin_inferred,,,https://www.linkedin.com/company/selopia/?originalSubdomain=bd,,,,13.0,,,Specialization They Need: 13 emp,,,,,,846,1,NO,,YES,Company name inferred from domain/LinkedIn/email; Missing company/career website,YES,ENRICH_FROM_LINKEDIN
C0555,Sentineltechnologies,linkedin_inferred,,,https://www.linkedin.com/company/sentineltechnologies/,,,,,1/5,,Openning: 1 of 5,,,,,,682,1,NO,,YES,Company name inferred from domain/LinkedIn/email; Missing company/career website,YES,ENRICH_FROM_LINKEDIN
C0551,Seoexpatebangladeshltd,linkedin_inferred,,,https://www.linkedin.com/company/seoexpatebangladeshltd/,,,,,,,,,,,,,678,1,NO,,YES,Company name inferred from domain/LinkedIn/email; Missing company/career website,YES,ENRICH_FROM_LINKEDIN
C0425,Servifybd,domain_inferred,https://www.servifybd.com/#careers,,,,,,,,planning,Is Applied: planning,,,,,servifybd.com,538,1,NO,,YES,Company name inferred from domain/LinkedIn/email,YES,FIND_CAREER_PAGE
C0414,Servisol Ites,linkedin_inferred,,,https://www.linkedin.com/company/servisol-ites/?trk=companies_directory,,,,,1/23,,Years of Exp want: 1 of 23,,,,,,526,1,NO,,YES,Company name inferred from domain/LinkedIn/email; Missing company/career website,YES,ENRICH_FROM_LINKEDIN
C0910,Sgcsoft,domain_inferred,https://sgcsoft.net/#services,,,info@sgcsoft.net,,,,,,Tech Stack: info@sgcsoft.net | Openning: WWS - opportunity work with senior,,,,,sgcsoft.net,1085,1,NO,,YES,Company name inferred from domain/LinkedIn/email,YES,FIND_CAREER_PAGE
C0113,Shajgoj,explicit,,,,,,,,,,,,,,,,151,1,YES,Source review: name_only_no_url_email,YES,Missing company/career website,YES,MANUAL_REVIEW
C0180,Sheba.xyz,explicit,https://www.sheba.xyz,,,,,,,,,,,,,,sheba.xyz,254,1,NO,,NO,,YES,FIND_CAREER_PAGE
C0978,Shebatech,domain_inferred,,https://www.shebatech.com.bd/career,,,,,,,planning,Is Applied: planning,,,,,shebatech.com.bd,1169,1,NO,,YES,Company name inferred from domain/LinkedIn/email,YES,MONITOR_READY
C0785,Shellbeehaken,domain_inferred,https://shellbeehaken.com/join-us,,,,,,,,,Tech Stack: cool salary | Openning: try,,,,,shellbeehaken.com,935,1,NO,,YES,Company name inferred from domain/LinkedIn/email,YES,FIND_CAREER_PAGE
C0181,Shohoz,explicit,https://www.shohoz.com,,,,,,,,,,,,,,shohoz.com,255,1,NO,,NO,,YES,FIND_CAREER_PAGE
C0773,Shohozsoftware,domain_inferred,,https://shohozsoftware.com/career/,,,,,,,,Openning: software sales POS,,,,,shohozsoftware.com,920,1,NO,,YES,Company name inferred from domain/LinkedIn/email,YES,MONITOR_READY
C0668,Shootingstarltd,domain_inferred,https://shootingstarltd.com/our-team/,,https://www.linkedin.com/in/didarul-alam-b021a682/,,,,,,,Tech Stack: https://www.linkedin.com/in/didarul-alam-b021a682/ | Specialization They Need: CEO AIUB,,,,,shootingstarltd.com,810,1,NO,,YES,Company name inferred from domain/LinkedIn/email,YES,FIND_CAREER_PAGE
C0042,ShopUp,explicit,https://shopup.com.bd/,https://www.shopup.org/career,,,,,,,,Tech Stack: https://www.shopup.org/career | Location: https://shopup.com.bd/,https://shopup.com.bd,,,,shopup.com.bd; shopup.org,58; 249,2,YES,Multiple corporate domains; Source review: multiple_domains,NO,,YES,MANUAL_REVIEW
C0591,Shorborno,linkedin_inferred,,,https://www.linkedin.com/company/shorborno/,,,,,2/50,,Specialization They Need: 2 of 50,,,,,,718,1,NO,,YES,Company name inferred from domain/LinkedIn/email; Missing company/career website,YES,ENRICH_FROM_LINKEDIN
C0280,Shunnointltd,domain_inferred,https://shunnointltd.com/,,,,"badda, middle badda",,,,,Openning: middle badda,,,,,shunnointltd.com,383,1,NO,,YES,Company name inferred from domain/LinkedIn/email,YES,FIND_CAREER_PAGE
C0482,Shurjomukhisolutions,domain_inferred,,https://www.shurjomukhisolutions.com.bd/career,,,,,,,planning,Is Applied: planning,,,,,shurjomukhisolutions.com.bd,608,1,NO,,YES,Company name inferred from domain/LinkedIn/email,YES,MONITOR_READY
C0203,Shuttlebd,email_inferred,,,,career@shuttlebd.com,,,,,,,,,,,,300,1,YES,Source review: contact_only,YES,Company name inferred from domain/LinkedIn/email; Missing company/career website,YES,MANUAL_REVIEW
C0528,Siarasolution,domain_inferred,,https://www.siarasolution.com/jobs,,,,,,,planning,Is Applied: planning,,,,,siarasolution.com,655,1,NO,,YES,Company name inferred from domain/LinkedIn/email,YES,MONITOR_READY
C0874,Silicon,domain_inferred,,https://www.silicon.com.bd/career,,,,laravel,,,,Openning: laravel current openning,,,,,silicon.com.bd,1042,1,NO,,YES,Company name inferred from domain/LinkedIn/email,YES,MONITOR_READY
C0829,Siliconorchard,domain_inferred,,https://www.siliconorchard.com/career/,https://www.linkedin.com/company/silicon-orchard-ltd/,,,,,1/31,,Tech Stack: cool company | Openning: https://www.linkedin.com/company/silicon-orchard-ltd/ | Years of Exp want: 1 of 31 HR,,,,,siliconorchard.com,988,1,NO,,YES,Company name inferred from domain/LinkedIn/email,YES,MONITOR_READY
C0645,Siliconova,linkedin_inferred,,,https://www.linkedin.com/company/siliconova/,,,,,4/34,,Specialization They Need: 4 of 34 | Years of Exp want: EEE may be,,,,,,787,1,NO,,YES,Company name inferred from domain/LinkedIn/email; Missing company/career website,YES,ENRICH_FROM_LINKEDIN
C0198,simec-inc,explicit,,https://career.simec-inc.net/job-post/apply-job,,,,,,,,Tech Stack: https://career.simec-inc.net/job-post/apply-job,,https://career.simec-inc.net/job-opening/1049d8a9-dd02-489a-9322-dfbfe5f4c3c8,,,simec-inc.net,295; 513,2,NO,,NO,,YES,MONITOR_READY
C0661,Simsolutionltd,linkedin_inferred,,,https://www.linkedin.com/company/simsolutionltd/,,,,,1/7,,Specialization They Need: 1 of 7,,,,,,803,1,NO,,YES,Company name inferred from domain/LinkedIn/email; Missing company/career website,YES,ENRICH_FROM_LINKEDIN
C0241,Skillerszone,domain_inferred,,https://skillerszone.com/career#jobs,,,,,,,,,,,,,skillerszone.com,341,1,NO,,YES,Company name inferred from domain/LinkedIn/email,YES,MONITOR_READY
C0240,Sky Digital BD Limited,linkedin_inferred,,,https://www.linkedin.com/company/sky-digital-bd-limited/,,,,,,,,,,,,,340,1,NO,,YES,Company name inferred from domain/LinkedIn/email; Missing company/career website,YES,ENRICH_FROM_LINKEDIN
C1034,Skydotech,domain_inferred,,https://www.skydotech.com/careers.html#,https://www.linkedin.com/company/skydotechbd/,career@skydotech.com,,,,1/11,planning,Tech Stack: https://www.linkedin.com/company/skydotechbd/ | Openning: bpo | Specialization They Need: 1 out of 11 | Is Applied: planning | Location: https://www.skydotech.com/careers.html#,,,,,skydotech.com,1245,1,NO,,YES,Company name inferred from domain/LinkedIn/email,YES,MONITOR_READY
C0965,Skylarksoft,domain_inferred,,https://www.skylarksoft.com/careers,,careers@skylarksoft.com,,,,,,Is Applied: virus issue | Location: https://www.skylarksoft.com/careers,,,,,skylarksoft.com,1155,1,NO,,YES,Company name inferred from domain/LinkedIn/email,YES,MONITOR_READY
C0219,Skytech,domain_inferred,,https://www.skytech.com.bd/career/general-application,,,uttara,,,,,Openning: uttara model town,,,,,skytech.com.bd,319,1,NO,,YES,Company name inferred from domain/LinkedIn/email,YES,MONITOR_READY
C0688,Smart Communications Inc.,linkedin_inferred,,,https://www.linkedin.com/company/smart-communications-inc./?trk=public_profile_experience-item_result-card_subtitle-click&originalSubdomain=bd,,,,4.0,,,Specialization They Need: 4 emp | Years of Exp want: need to explore,,,,,,832,1,NO,,YES,Company name inferred from domain/LinkedIn/email; Missing company/career website,YES,ENRICH_FROM_LINKEDIN
C0102,SmartBD,explicit,https://smartbd.com,,,,,,,,,,,,,,smartbd.com,135,1,NO,,NO,,YES,FIND_CAREER_PAGE
C0409,Smartrecruiters,domain_inferred,https://careers.smartrecruiters.com/polygontechnology https://polygontechnology.io/,,https://www.linkedin.com/company/polygontechnologylimited/,,,,,2/67,,Tech Stack: https://www.linkedin.com/company/polygontechnologylimited/ | Openning: big team member | Years of Exp want: 2 of 67 | Location: https://polygontechnology.io/,,,,,smartrecruiters.com,521,1,YES,Source review: multiple_domains,YES,Company name inferred from domain/LinkedIn/email,YES,MANUAL_REVIEW
C0739,Snaptec Limited,linkedin_inferred,,,https://www.linkedin.com/company/snaptec-limited/,,,,1.0,,,Specialization They Need: 1 emp,,,,,,884,1,NO,,YES,Company name inferred from domain/LinkedIn/email; Missing company/career website,YES,ENRICH_FROM_LINKEDIN
C0016,Softasell,explicit,https://www.baseit.com.bd/ https://www.baseit.com.bd/find-a-job/,,,,,,,,not loading,Location: https://www.baseit.com.bd/find-a-job/ || Comment: not loading,https://www.baseit.com.bd,,,,baseit.com.bd,32; 1305,2,NO,,NO,,YES,FIND_CAREER_PAGE
C0017,SoftBD,explicit,https://bsdbd.com/,,,info@bsdbd.com,uttara,,,,,Tech Stack: bangladesh software ltd | Location: info@bsdbd.com || Comment: uttara | mail to: info@softbd.com,https://softbd.com/; https://bsdbd.com,,,info@softbd.com,bsdbd.com; softbd.com,33; 76; 150,3,YES,Multiple corporate domains,NO,,YES,MANUAL_REVIEW
C0741,Softcafe IT Solution Limited,linkedin_inferred,,,https://www.linkedin.com/company/softcafe-it-solution-limited/,,,,6.0,,,Specialization They Need: 6 emp,,,,,,886,1,NO,,YES,Company name inferred from domain/LinkedIn/email; Missing company/career website,YES,ENRICH_FROM_LINKEDIN
C1037,Softcellbpo,email_inferred,,,,jobs@softcellbpo.com,,,,,,"Tech Stack: data processing projects including image processing, data cleansing, image labeling etc. | Location: 5K to 7K",,,,,,1248,1,YES,Source review: contact_only,YES,Company name inferred from domain/LinkedIn/email; Missing company/career website,YES,MANUAL_REVIEW
C0172,SOFTEKO,explicit,https://softeko.co,,,,,,,,not loading,Comment: site is not loading | Database Error,https://softeko.co/,,,,softeko.co,236; 1262,2,NO,,NO,,YES,FIND_CAREER_PAGE
C0877,Softhostit,domain_inferred,,https://www.softhostit.com/career,,,,"laravel, php",,,,Tech Stack: php laravel 2 years exp,,,,,softhostit.com,1046,1,NO,,YES,Company name inferred from domain/LinkedIn/email,YES,MONITOR_READY
C0529,Softhut Net,linkedin_inferred,,,https://www.linkedin.com/company/softhut-net/,,,,4.0,,,Openning: 4 emp | Specialization They Need: fullstack,,,,,,656,1,NO,,YES,Company name inferred from domain/LinkedIn/email; Missing company/career website,YES,ENRICH_FROM_LINKEDIN
C0549,Softic,domain_inferred,,https://softic.ai/career/,,,,ai,,,,,,,,,softic.ai,676,1,NO,,YES,Company name inferred from domain/LinkedIn/email,YES,MONITOR_READY
C0929,Softifybd,domain_inferred,,https://softifybd.com/career/#opening-job,,,,,,,,Is Applied: yes,,,,,softifybd.com,1113,1,NO,,YES,Company name inferred from domain/LinkedIn/email,YES,MONITOR_READY
C0277,Softin Technology Ltd,linkedin_inferred,,,https://www.linkedin.com/company/softin-technology-ltd/?originalSubdomain=bd,,,,,,,,,,,,,379,1,NO,,YES,Company name inferred from domain/LinkedIn/email; Missing company/career website,YES,ENRICH_FROM_LINKEDIN
C0031,Softograph Limited,explicit,https://softograph.com/,https://softograph.com/career,,contact@softograph.com,uttara,"mern; ai, mern",,,,"Tech Stack: MERN Uttara | mail to: contact@softograph.com | Location: https://softograph.com/career || Tech Stack: AI engineer, game, mern intern | Specialization They Need: uttara",https://softograph.com,https://www.softograph.com/career,,,softograph.com,47; 247; 923,3,NO,,NO,,YES,MONITOR_READY
C0480,Softshore,domain_inferred,https://www.softshore.tech/,,https://www.linkedin.com/company/softshore-tech/?originalSubdomain=bd,,,,2.0,,,Openning: https://www.softshore.tech/ | Specialization They Need: 2 emp,,,,,softshore.tech,606,1,NO,,YES,Company name inferred from domain/LinkedIn/email,YES,FIND_CAREER_PAGE
C0527,Softtechsolutionltd,domain_inferred,,https://softtechsolutionltd.com/career/,,,,"django, javascript, wordpress",,,planning,Tech Stack: hire django ui javascript wordpress | Is Applied: planning,,,,,softtechsolutionltd.com,654,1,NO,,YES,Company name inferred from domain/LinkedIn/email,YES,MONITOR_READY
C1008,Softvalley,domain_inferred,,https://www.softvalley.net/careers,,,,,,,,,,,,,softvalley.net,1213,1,NO,,YES,Company name inferred from domain/LinkedIn/email,YES,MONITOR_READY
C0012,Software Gaze,explicit,https://softwaregaze.com/,https://softwaregaze.com/job-openings/,,,uttara,,,,,Tech Stack: Uttara | Location: https://softwaregaze.com/job-openings/,https://softwaregaze.com,,,,softwaregaze.com,28; 171,2,NO,,NO,,YES,MONITOR_READY
C0610,Software Lighthouse,linkedin_inferred,,,https://www.linkedin.com/company/software-lighthouse/,,,,,2/8,,Tech Stack: 2 of 8,,,,,,737,1,NO,,YES,Company name inferred from domain/LinkedIn/email; Missing company/career website,YES,ENRICH_FROM_LINKEDIN
C0063,SoftwindTech,explicit,https://softwindtech.com/,,,info@softwindtech.com,,,,,,mail to: info@softwindtech.com,,,,,softwindtech.com,84,1,NO,,NO,,YES,FIND_CAREER_PAGE
C0456,Softworks,linkedin_inferred,,,https://www.linkedin.com/company/softworks/,,,,,,,,,,,,,576,1,NO,,YES,Company name inferred from domain/LinkedIn/email; Missing company/career website,YES,ENRICH_FROM_LINKEDIN
C0103,Softworks BD,explicit,https://softworksbd.com,,,,,,,,,,,,,,softworksbd.com,136,1,NO,,NO,,YES,FIND_CAREER_PAGE
C0273,Softwrd,domain_inferred,https://www.softwrd.ai/team,,,,,ai,,,,Tech Stack: large team member,,,,,softwrd.ai,375,1,NO,,YES,Company name inferred from domain/LinkedIn/email,YES,FIND_CAREER_PAGE
C0943,Softzino,domain_inferred,,https://softzino.com/join-us/career,,,,,,,,Is Applied: yes | Re Apply Count: 22 Jun-e,,,,,softzino.com,1128,1,NO,,YES,Company name inferred from domain/LinkedIn/email,YES,MONITOR_READY
C0619,Sohel,domain_inferred,https://sohel.info/,,,,,,,,,,,,,,sohel.info,750,1,NO,,YES,Company name inferred from domain/LinkedIn/email,YES,FIND_CAREER_PAGE
C0596,Sohub,domain_inferred,https://protect.sohub.com.bd/,,https://www.linkedin.com/company/solution-hub-technologie-sohub/,,,,,1/16,,Tech Stack: So important for security........ Need to check their products | Years of Exp want: 1 of 16 | Location: https://www.linkedin.com/company/solution-hub-technologie-sohub/,,,,,sohub.com.bd,723,1,NO,,YES,Company name inferred from domain/LinkedIn/email,YES,FIND_CAREER_PAGE
C0388,Solution9,email_inferred,,,,admin@solution9.com,,,,,outdated,Tech Stack: outdated | Is Applied: yes,,,,,,497,1,YES,Source review: contact_only,YES,Company name inferred from domain/LinkedIn/email; Missing company/career website,YES,MANUAL_REVIEW
C0566,Solutionspin,domain_inferred,https://www.solutionspin.com/,,https://www.linkedin.com/company/solutionspin/,,,,,,,Tech Stack: https://www.solutionspin.com/ | Years of Exp want: 4 out 13,,,,,solutionspin.com,693,1,NO,,YES,Company name inferred from domain/LinkedIn/email,YES,FIND_CAREER_PAGE
C0667,Solutionworld Limited,linkedin_inferred,,,https://www.linkedin.com/company/solutionworld-limited/?originalSubdomain=bd,,,,,1/12,,Specialization They Need: 1 of 12 HR,,,,,,809,1,NO,,YES,Company name inferred from domain/LinkedIn/email; Missing company/career website,YES,ENRICH_FROM_LINKEDIN
C0013,Solutya,explicit,https://solutya.com/,https://solutya.com/job-openings,,,uttara,,,,no opening,Tech Stack: Uttara | Openning: no opening rn | Location: https://solutya.com/job-openings,https://solutya.com,,,,solutya.com,29; 212,2,NO,,NO,,YES,MONITOR_READY
C0974,Solversbd,email_inferred,,,,support@solversbd.com,,,,,planning,Is Applied: planning,,,,,,1165,1,YES,Source review: contact_only,YES,Company name inferred from domain/LinkedIn/email; Missing company/career website,YES,MANUAL_REVIEW
C0558,Somikoron,domain_inferred,https://somikoron.com.bd/,,https://www.linkedin.com/company/somikoron-it-ltd/,,,,,2/14,"interesting, planning",Openning: 2 of 14 | Specialization They Need: interesting | Is Applied: planning | Location: https://somikoron.com.bd/,,,,,somikoron.com.bd,685,1,NO,,YES,Company name inferred from domain/LinkedIn/email,YES,FIND_CAREER_PAGE
C0721,Soppiyaos,linkedin_inferred,,,https://www.linkedin.com/company/soppiyaos/,,,,15.0,,,Specialization They Need: 15 emp,,,,,,865,1,NO,,YES,Company name inferred from domain/LinkedIn/email; Missing company/career website,YES,ENRICH_FROM_LINKEDIN
C0120,Sorobor,explicit,https://sorobor.com.bd/,,,,,,,,not loading,Comment: site is not loading,,,,,sorobor.com.bd,158; 1257,2,YES,Source review: name_only_no_url_email,NO,,YES,MANUAL_REVIEW
C0038,Southtech Group,explicit,https://www.southtechgroup.com/,,,,,,,,no opening,Openning: no opening rn,https://www.southtechgroup.com; https://career.southtechgroup.com/,,,,southtechgroup.com,54; 274; 1219,3,NO,,NO,,YES,FIND_CAREER_PAGE
C1001,Spagreen,domain_inferred,https://spagreen.net/contacts,,,,mirpur,wordpress,,,"hiring, no hiring, no hiring page",Tech Stack: wordpress may be | Openning: no hiring page found | Years of Exp want: mirpur,,,,,spagreen.net,1203,1,NO,,YES,Company name inferred from domain/LinkedIn/email,YES,FIND_CAREER_PAGE
C0080,Spectrum,domain_inferred,https://spectrum.com.bd/contact.html,,,contact@spectrum.com.bd,,,,,"hiring, no hiring, no hiring page",Openning: no hiring page found | Location: contact@spectrum.com.bd,,,,,spectrum.com.bd,107; 1189,2,NO,,YES,Company name inferred from domain/LinkedIn/email,YES,FIND_CAREER_PAGE
C0866,Spinetechuniversal,domain_inferred,https://www.spinetechuniversal.com/,,,,,cyber,,,outdated,Tech Stack: cyber outdated,,,,,spinetechuniversal.com,1031,1,NO,,YES,Company name inferred from domain/LinkedIn/email,YES,FIND_CAREER_PAGE
C0510,Spinnerinternationalltd,domain_inferred,https://spinnerinternationalltd.com/,,,,bonosree,,,,,Tech Stack: bonosree,,,,,spinnerinternationalltd.com,636,1,NO,,YES,Company name inferred from domain/LinkedIn/email,YES,FIND_CAREER_PAGE
C0428,Spinoffstudio,domain_inferred,https://www.spinoffstudio.com/,,,,,,,,,Tech Stack: We’ll be back soon!,,,,,spinoffstudio.com,542,1,NO,,YES,Company name inferred from domain/LinkedIn/email,YES,FIND_CAREER_PAGE
C0513,Splbdgroup,domain_inferred,,https://splbdgroup.com/career-at-spl/,,,,,,,hiring,"Tech Stack: hiring senior solution architect ,. net suite",,,,,splbdgroup.com,639,1,NO,,YES,Company name inferred from domain/LinkedIn/email,YES,MONITOR_READY
C0356,Spondonit,domain_inferred,https://spondonit.com/,,,,,php,,,outdated,Openning: php /// outdated,,,,,spondonit.com,463,1,NO,,YES,Company name inferred from domain/LinkedIn/email,YES,FIND_CAREER_PAGE
C0593,Squadinnovators,domain_inferred,https://www.squadinnovators.com/,,https://www.linkedin.com/company/squad-innovators/,,aftabnagar,,,2/10,planning,Tech Stack: https://www.squadinnovators.com/ | Openning: aftabnagar | Specialization They Need: 2 out of 10 | Is Applied: planning,,,,,squadinnovators.com,720,1,NO,,YES,Company name inferred from domain/LinkedIn/email,YES,FIND_CAREER_PAGE
C1015,Sscl,domain_inferred,https://www.sscl.tech/,https://career.sscl.tech/jobs,https://www.linkedin.com/company/spectrum-software-and-consulting/,,,,,1/41,,Tech Stack: https://www.linkedin.com/company/spectrum-software-and-consulting/ | Specialization They Need: 1 of 41 | Location: https://www.sscl.tech/,,,,,sscl.tech,1223,1,YES,Source review: multiple_domains,YES,Company name inferred from domain/LinkedIn/email,YES,MANUAL_REVIEW
C0174,SSD-TECH,explicit,https://ssd-tech.io,,,,,,,,career not found,Comment: career not found,https://ssd-tech.io/,,,,ssd-tech.io,241; 1281,2,NO,,NO,,YES,FIND_CAREER_PAGE
C0178,Sslwireless,domain_inferred,https://www.sslwireless.com https://www.sslwireless.com/all-jobs,,,,,"ai, data engineer",,,,"Tech Stack: data engineer, ai native dev | Location: https://www.sslwireless.com/all-jobs",,,,,sslwireless.com https,251,1,NO,,YES,Company name inferred from domain/LinkedIn/email,YES,FIND_CAREER_PAGE
C0717,Staffasia,domain_inferred,,https://www.staffasia.org/career/open-vacancy-for-your-desired-role,https://www.linkedin.com/company/staff-asia/?originalSubdomain=bd,career@staffasia.org,,,16.0,,planning,Tech Stack: https://www.linkedin.com/company/staff-asia/?originalSubdomain=bd | Specialization They Need: 16 emp | Is Applied: planning | Location: https://www.staffasia.org/career/open-vacancy-for-your-desired-role,,,,,staffasia.org,861,1,NO,,YES,Company name inferred from domain/LinkedIn/email,YES,MONITOR_READY
C0924,Stargroup BD,domain_inferred,,https://career.stargroup-bd.com/jobs/,,,,,,,,Is Applied: yes,,,,,stargroup-bd.com,1108,1,NO,,YES,Company name inferred from domain/LinkedIn/email,YES,MONITOR_READY
C0761,Starkology,linkedin_inferred,,,https://www.linkedin.com/company/starkology/,,,,,,,,,,,,,906,1,NO,,YES,Company name inferred from domain/LinkedIn/email; Missing company/career website,YES,ENRICH_FROM_LINKEDIN
C0873,Startise,domain_inferred,,https://startise.com/careers/,,,,wordpress,,,,Openning: wordpress,,,,,startise.com,1041,1,NO,,YES,Company name inferred from domain/LinkedIn/email,YES,MONITOR_READY
C0833,Staticmania,domain_inferred,https://staticmania.com/,,https://www.linkedin.com/company/staticmania/,,,,16.0,,,Tech Stack: So Cool Section | Openning: 16 emp | Location: https://www.linkedin.com/company/staticmania/,,,,,staticmania.com,993,1,NO,,YES,Company name inferred from domain/LinkedIn/email,YES,FIND_CAREER_PAGE
C0123,SteadyStep,explicit,https://steadystep.com/,,,,,,,,not loading,Comment: not loading,,,,,steadystep.com,161; 1276,2,YES,Source review: name_only_no_url_email,NO,,YES,MANUAL_REVIEW
C0122,StockBangladesh,explicit,,,,,,,,,,,,,,,,160,1,YES,Source review: name_only_no_url_email,YES,Missing company/career website,YES,MANUAL_REVIEW
C0834,Strativ,domain_inferred,https://strativ.se/en/karriar,https://erp360.strativ.se/career,,,,,,,,Openning: cool website | Location: https://erp360.strativ.se/career,,,,,strativ.se,994,1,YES,Source review: multiple_domains,YES,Company name inferred from domain/LinkedIn/email,YES,MANUAL_REVIEW
C1025,Streamstech,domain_inferred,,https://www.streamstech.com/careers,,,,,,,,,,,,,streamstech.com,1234,1,NO,,YES,Company name inferred from domain/LinkedIn/email,YES,MONITOR_READY
C0305,Suffixit,domain_inferred,,https://www.suffixit.com/career,,,badda,,,,,Tech Stack: badda,,,,,suffixit.com,408,1,NO,,YES,Company name inferred from domain/LinkedIn/email,YES,MONITOR_READY
C0546,Svam,domain_inferred,,https://svam.com/career/,https://www.linkedin.com/company/svam-international-inc/,,,,2.0,,,Specialization They Need: 2 emp | Location: https://www.linkedin.com/company/svam-international-inc/,,,,,svam.com,673,1,NO,,YES,Company name inferred from domain/LinkedIn/email,YES,MONITOR_READY
C0254,Swap,domain_inferred,https://swap.com.bd/,,,parvez@swap.com.bd,,,,,,Tech Stack: https://swap.com.bd/,,,,,swap.com.bd,354,1,NO,,YES,Company name inferred from domain/LinkedIn/email,YES,FIND_CAREER_PAGE
C0014,Swapnoloke,explicit,https://www.swapnoloke.com/,https://www.swapnoloke.com/jobs,,,,,,,,Location: https://www.swapnoloke.com/jobs,https://www.swapnoloke.com,,,,swapnoloke.com,30; 170,2,NO,,NO,,YES,MONITOR_READY
C0815,Sweetitech,domain_inferred,https://www.sweetitech.co.uk/#home,,,,,,,,,Tech Stack: nice hero section,,,,,sweetitech.co.uk,972,1,NO,,YES,Company name inferred from domain/LinkedIn/email,YES,FIND_CAREER_PAGE
C0337,Syftet,domain_inferred,,https://syftet.com/career,,,,sqa,,,,Tech Stack: sqa,,,,,syftet.com,444,1,NO,,YES,Company name inferred from domain/LinkedIn/email,YES,MONITOR_READY
C0384,Synergy Interface,linkedin_inferred,,,https://www.linkedin.com/company/synergy-interface/,,,,,,,,,,,,,492,1,NO,,YES,Company name inferred from domain/LinkedIn/email; Missing company/career website,YES,ENRICH_FROM_LINKEDIN
C0155,Synesis IT,explicit,https://synesisit.com.bd,,,,,,,,career not found,Comment: career not found,https://synesisit.com.bd/,,,,synesisit.com.bd,209; 1282,2,NO,,NO,,YES,FIND_CAREER_PAGE
C0472,Synesis IT Limited,linkedin_inferred,,,https://www.linkedin.com/company/synesis-it-limited/,,,,,9/189,,Specialization They Need: 9 out of 189,,,,,,596,1,NO,,YES,Company name inferred from domain/LinkedIn/email; Missing company/career website,YES,ENRICH_FROM_LINKEDIN
C0598,Syscomatic,domain_inferred,https://syscomatic.com/,,https://www.linkedin.com/company/syscomatic/,,,,,1/4,,Tech Stack: https://syscomatic.com/ | Openning: cool footer | Specialization They Need: 1 of 4,,,,,syscomatic.com,725,1,NO,,YES,Company name inferred from domain/LinkedIn/email,YES,FIND_CAREER_PAGE
C0278,Sysconsolution,domain_inferred,https://www.sysconsolution.com/about,,,,,,,,,,,,,,sysconsolution.com,380,1,NO,,YES,Company name inferred from domain/LinkedIn/email,YES,FIND_CAREER_PAGE
C0514,Sysmatrix Technologies Ltd,linkedin_inferred,,,https://www.linkedin.com/company/sysmatrix-technologies-ltd/?originalSubdomain=bd,,,cyber,1.0,,,Openning: cyber cloud web | Years of Exp want: 1 emp,,,,,,641,1,NO,,YES,Company name inferred from domain/LinkedIn/email; Missing company/career website,YES,ENRICH_FROM_LINKEDIN
C1003,Sysnest,email_inferred,,,,info@sysnest.com.bd,,,,,"hiring, no hiring, no hiring page",Tech Stack: no hiring page found,,,,,,1205,1,YES,Source review: contact_only,YES,Company name inferred from domain/LinkedIn/email; Missing company/career website,YES,MANUAL_REVIEW
C0081,Sysnova Information Systems,explicit,https://sysnova.com,https://sysnova.com/career,,,,,,,,Comment: kazi farm || Location: Kazi farm group,,https://www.sysnova.com/career,,,sysnova.com,108; 134; 1208,3,NO,,NO,,YES,MONITOR_READY
C0350,Systechdigital,domain_inferred,,https://systechdigital.com/career,,,,,,,outdated; backdated,Tech Stack: seems outdated || Openning: backdated,,https://www.systechdigital.com/career,,,systechdigital.com,457; 602,2,NO,,YES,Company name inferred from domain/LinkedIn/email,YES,MONITOR_READY
C0460,Systechdigital,linkedin_inferred,,,https://www.linkedin.com/company/systechdigital/?originalSubdomain=bd,,,,,,,,,,,,,581,1,NO,,YES,Company name inferred from domain/LinkedIn/email; Missing company/career website,YES,ENRICH_FROM_LINKEDIN
C1017,Systechunimax,domain_inferred,,https://www.systechunimax.com/Career.html,,,,,,,no opening,Openning: no opening rn,,,,,systechunimax.com,1225; 1227,2,NO,,YES,Company name inferred from domain/LinkedIn/email,YES,MONITOR_READY
C0730,System Resources Limited Srl,linkedin_inferred,,,https://www.linkedin.com/company/system-resources-limited-srl/,,,,18.0,,,Specialization They Need: 18 emp,,,,,,874,1,NO,,YES,Company name inferred from domain/LinkedIn/email; Missing company/career website,YES,ENRICH_FROM_LINKEDIN
C0706,Tactsoftltd,domain_inferred,,https://www.tactsoftltd.com/Home/JobCareer,https://www.linkedin.com/company/tactsoftltd/,,,,21.0,,planning,Tech Stack: https://www.tactsoftltd.com/Home/JobCareer | Specialization They Need: 21 emp | Is Applied: planning,,,,,tactsoftltd.com,850,1,NO,,YES,Company name inferred from domain/LinkedIn/email,YES,MONITOR_READY
C0620,Tagitsol,domain_inferred,https://www.tagitsol.com/about,,https://www.linkedin.com/company/tagit-solutions-limited/ https://www.linkedin.com/in/abdullah-ibne-alam/ https://www.linkedin.com/in/abdullah-al-hossain-43b11229/,,,,,,,Tech Stack: https://www.linkedin.com/in/abdullah-ibne-alam/ | Specialization They Need: https://www.linkedin.com/in/abdullah-al-hossain-43b11229/ | Location: https://www.tagitsol.com/about,,,,,tagitsol.com,757,1,NO,,YES,Company name inferred from domain/LinkedIn/email,YES,FIND_CAREER_PAGE
C0541,Talvette,linkedin_inferred,,,https://www.linkedin.com/company/talvette/,,,,12.0,,,Openning: 12 emp,,,,,,668,1,NO,,YES,Company name inferred from domain/LinkedIn/email; Missing company/career website,YES,ENRICH_FROM_LINKEDIN
C0814,Taqwaent,domain_inferred,,https://www.taqwaent.com/career,,,,,,,,Tech Stack: cool name,,,,,taqwaent.com,971,1,NO,,YES,Company name inferred from domain/LinkedIn/email,YES,MONITOR_READY
C0797,Taratechltd,email_inferred,,,,info@taratechltd.com,rampura,,,,must try,Tech Stack: rampura | Openning: must try,,,,,,949,1,YES,Source review: contact_only,YES,Company name inferred from domain/LinkedIn/email; Missing company/career website,YES,MANUAL_REVIEW
C0071,TARGETIV,explicit,https://targetiv.com/,,,,,,,,,,,,,,targetiv.com,92,1,NO,,NO,,YES,FIND_CAREER_PAGE
C0745,Tarunsoftlimited,linkedin_inferred,,,https://www.linkedin.com/company/tarunsoftlimited/?originalSubdomain=bd,,,,5.0,,,Specialization They Need: 5 emp,,,,,,890,1,NO,,YES,Company name inferred from domain/LinkedIn/email; Missing company/career website,YES,ENRICH_FROM_LINKEDIN
C0445,Team Creative,linkedin_inferred,,,https://www.linkedin.com/company/team-creative/?originalSubdomain=bd,,,,,,,,,,,,,560,1,NO,,YES,Company name inferred from domain/LinkedIn/email; Missing company/career website,YES,ENRICH_FROM_LINKEDIN
C0786,Teamexus,domain_inferred,,https://www.teamexus.com/career/,,,,,,,,Tech Stack: full stack engineer | Openning: try,,,,,teamexus.com,936,1,NO,,YES,Company name inferred from domain/LinkedIn/email,YES,MONITOR_READY
C0171,Techabyte Solutions,explicit,https://techabyte.solutions,,,,,wordpress,,,,Comment: cool design,,,,,techabyte.solutions,235,1,NO,,NO,,YES,FIND_CAREER_PAGE
C0588,Techanalyticaltd,domain_inferred,,https://techanalyticaltd.com/career,https://www.linkedin.com/company/tech-analytica-limited/,,,,,1/7,,Tech Stack: https://techanalyticaltd.com/career | Specialization They Need: 1 of 7,,,,,techanalyticaltd.com,715,1,NO,,YES,Company name inferred from domain/LinkedIn/email,YES,MONITOR_READY
C0370,Techcare,domain_inferred,,https://techcare.co/career#job-available,https://www.linkedin.com/company/techcareco/,,,,,1/13,,Tech Stack: shei | Openning: https://www.linkedin.com/company/techcareco/ | Years of Exp want: 1 of 13,,,,,techcare.co,477; 983,2,NO,,YES,Company name inferred from domain/LinkedIn/email,YES,MONITOR_READY
C0894,Techcloudltd,domain_inferred,,https://techcloudltd.com/career-at-tech-cloud-ltd/,,,,php,,,,Tech Stack: php,,,,,techcloudltd.com,1066,1,NO,,YES,Company name inferred from domain/LinkedIn/email,YES,MONITOR_READY
C0227,Techempire,email_inferred,,,,hr@techempire.com.bd,,,,,,,,,,,,327,1,YES,Source review: contact_only,YES,Company name inferred from domain/LinkedIn/email; Missing company/career website,YES,MANUAL_REVIEW
C0631,Techforingltd.,linkedin_inferred,,,https://www.linkedin.com/company/techforingltd./,,,,,1/13,,Openning: 1 of 13,,,,,,772,1,NO,,YES,Company name inferred from domain/LinkedIn/email; Missing company/career website,YES,ENRICH_FROM_LINKEDIN
C0309,Techknowgram,linkedin_inferred,,,https://www.linkedin.com/company/techknowgram/?originalSubdomain=bd,,,,,,,,,,,,,413,1,NO,,YES,Company name inferred from domain/LinkedIn/email; Missing company/career website,YES,ENRICH_FROM_LINKEDIN
C0855,Techlogicians,domain_inferred,,https://techlogicians.com/career/,,,,"django, odoo",,,,Tech Stack: odoo django,,,,,techlogicians.com,1018,1,NO,,YES,Company name inferred from domain/LinkedIn/email,YES,MONITOR_READY
C0066,TechMagic,explicit,https://www.techmagic.co/,,,,,,,,,,,,,,techmagic.co,87,1,NO,,NO,,YES,FIND_CAREER_PAGE
C0705,Techmindsltd,domain_inferred,https://techmindsltd.org/#home,,https://www.linkedin.com/company/techminds-ltd/,,,,17.0,,,Tech Stack: https://techmindsltd.org/#home | Specialization They Need: 17 emp,,,,,techmindsltd.org,849,1,NO,,YES,Company name inferred from domain/LinkedIn/email,YES,FIND_CAREER_PAGE
C0767,Techmonstar Bangladesh,linkedin_inferred,,,https://www.linkedin.com/company/techmonstar-bangladesh/?originalSubdomain=bd,,,,1.0,,,Openning: 1 emp,,,,,,913,1,NO,,YES,Company name inferred from domain/LinkedIn/email; Missing company/career website,YES,ENRICH_FROM_LINKEDIN
C0477,Technoartsoft,linkedin_inferred,,,https://www.linkedin.com/company/technoartsoft/?originalSubdomain=bd,,,,7.0,,,Openning: 7 emp,,,,,,603,1,NO,,YES,Company name inferred from domain/LinkedIn/email; Missing company/career website,YES,ENRICH_FROM_LINKEDIN
C0082,Technohaven,explicit,https://technohaven.com,https://technohaven.com/career/,,,,,,,,Comment: site not responsive .. kind of broken,,,,,technohaven.com,109; 1260,2,NO,,NO,,YES,MONITOR_READY
C0732,Technology And Business Solutions Ltd. Tbs,linkedin_inferred,,,https://www.linkedin.com/company/technology-and-business-solutions-ltd.-tbs-/,,,,16.0,,,Specialization They Need: 16 emp,,,,,,876,1,NO,,YES,Company name inferred from domain/LinkedIn/email; Missing company/career website,YES,ENRICH_FROM_LINKEDIN
C0421,Technomole,domain_inferred,,https://technomole.com/careers/,,,,,,,,Specialization They Need: no open position,,,,,technomole.com,534,1,NO,,YES,Company name inferred from domain/LinkedIn/email,YES,MONITOR_READY
C0162,TechnoNext,explicit,https://technonext.com,https://technonext.com/career,,,,,,,,Tech Stack: very bad | Location: https://technonext.com/career,https://technonext.com/,,,,technonext.com,219; 1240,2,NO,,NO,,YES,MONITOR_READY
C0899,Technoveltysolutions,email_inferred,,,,info@technoveltysolutions.com,,"ai, cyber",,,,"Openning: cyber, data an, ai ml",,,,,,1073,1,YES,Source review: contact_only,YES,Company name inferred from domain/LinkedIn/email; Missing company/career website,YES,MANUAL_REVIEW
C0163,TechnoVista Limited,explicit,https://technovista.com.bd,https://technovista.com.bd/career/,,,,,,,,Is Applied: yes | Re Apply Count: 6 June,https://technovista.com.bd/,,,,technovista.com.bd,220; 1102,2,NO,,NO,,YES,MONITOR_READY
C1013,Techoptions,domain_inferred,,https://techoptions.com.bd/career/#apply_job,https://www.linkedin.com/company/techoptionsbd/?originalSubdomain=bd,,,,6.0,,no opening,Openning: no opening rn | Specialization They Need: 6 emp | Location: https://www.linkedin.com/company/techoptionsbd/?originalSubdomain=bd,,,,,techoptions.com.bd,1220,1,NO,,YES,Company name inferred from domain/LinkedIn/email,YES,MONITOR_READY
C0483,Techsolutionfactory,domain_inferred,https://techsolutionfactory.com/,,https://www.linkedin.com/company/techsolutionfactory/?originalSubdomain=bd,,,,4.0,,,Tech Stack: https://techsolutionfactory.com/ | Openning: 4 emp,,,,,techsolutionfactory.com,609,1,NO,,YES,Company name inferred from domain/LinkedIn/email,YES,FIND_CAREER_PAGE
C0299,Techsolutionsplex,domain_inferred,,https://techsolutionsplex.com/career/,,,,,,,,,,,,,techsolutionsplex.com,402,1,NO,,YES,Company name inferred from domain/LinkedIn/email,YES,MONITOR_READY
C1005,Techsparkit,domain_inferred,https://www.techsparkit.com/,,,,,,,,"hiring, no hiring, no hiring page",Tech Stack: no hiring page found,,,,,techsparkit.com,1207,1,NO,,YES,Company name inferred from domain/LinkedIn/email,YES,FIND_CAREER_PAGE
C0320,Techsparkit Limited,linkedin_inferred,,,https://www.linkedin.com/company/techsparkit-limited/?originalSubdomain=bd,,,,,,,,,,,,,425,1,NO,,YES,Company name inferred from domain/LinkedIn/email; Missing company/career website,YES,ENRICH_FROM_LINKEDIN
C0772,Techspirelabs,domain_inferred,,https://www.techspirelabs.com/careers/,,,,,,,,,,,,,techspirelabs.com,919,1,NO,,YES,Company name inferred from domain/LinkedIn/email,YES,MONITOR_READY
C0949,Techterrain IT,domain_inferred,,https://www.techterrain-it.com/career,,info@techterrain-it.com,,,,,,Tech Stack: https://www.techterrain-it.com/career | Is Applied: yes,,,,,techterrain-it.com,1134,1,NO,,YES,Company name inferred from domain/LinkedIn/email,YES,MONITOR_READY
C0352,Techtrioz,domain_inferred,https://www.techtrioz.com/,,,info@techtrioz.com,,,,,,Tech Stack: https://www.techtrioz.com/ | Specialization They Need: may be active na,,,,,techtrioz.com,459,1,NO,,YES,Company name inferred from domain/LinkedIn/email,YES,FIND_CAREER_PAGE
C0692,Tecnobz,domain_inferred,,https://www.tecnobz.com/career,https://www.linkedin.com/company/tecno-bz/,,,,3.0,1/3,,Specialization They Need: 1 / 3 emp | Location: https://www.tecnobz.com/career,,,,,tecnobz.com,836,1,YES,Source review: employee_and_ratio_both_present,YES,Company name inferred from domain/LinkedIn/email,YES,MANUAL_REVIEW
C0778,Tecognize,email_inferred,,,,career@tecognize.com,,,,,,Openning: try,,,,,,928,1,YES,Source review: contact_only,YES,Company name inferred from domain/LinkedIn/email; Missing company/career website,YES,MANUAL_REVIEW
C0908,Tekarsh,domain_inferred,,https://www.tekarsh.com/career,,,,"java, python",,,,Tech Stack: java python WLB,,,,,tekarsh.com,1083,1,NO,,YES,Company name inferred from domain/LinkedIn/email,YES,MONITOR_READY
C0211,Tekvision,domain_inferred,,https://www.tekvision.com.bd/career,,,chattogram,,,,,Tech Stack: chattogram,,,,,tekvision.com.bd,310,1,NO,,YES,Company name inferred from domain/LinkedIn/email,YES,MONITOR_READY
C0212,Ternaryweb,domain_inferred,https://www.ternaryweb.com/,,,ternarywebhr@gmail.com,mohammadpur,,,,,Tech Stack: mohammadpur | Openning: https://www.ternaryweb.com/,,,,,ternaryweb.com,311,1,NO,,YES,Company name inferred from domain/LinkedIn/email,YES,FIND_CAREER_PAGE
C0617,The Green Helpers Inc,linkedin_inferred,,,https://www.linkedin.com/company/the-green-helpers-inc/?originalSubdomain=bd,,,,3.0,,,Tech Stack: marketing | Openning: 3 emp,,,,,,745,1,NO,,YES,Company name inferred from domain/LinkedIn/email; Missing company/career website,YES,ENRICH_FROM_LINKEDIN
C0125,The Red IT,explicit,,,,,,,,,,,,,,,,163,1,YES,Source review: name_only_no_url_email,YES,Missing company/career website,YES,MANUAL_REVIEW
C0835,Thedoodleinc,domain_inferred,,https://www.thedoodleinc.com/career,,,,,23.0,,,Openning: cool website | Specialization They Need: 23 emp,,,,,thedoodleinc.com,995,1,NO,,YES,Company name inferred from domain/LinkedIn/email,YES,MONITOR_READY
C0298,Theicthub,domain_inferred,,https://www.theicthub.com/career,,,mohammadpur,,,,,Tech Stack: mohammadpur,,,,,theicthub.com,401,1,NO,,YES,Company name inferred from domain/LinkedIn/email,YES,MONITOR_READY
C0818,Thekowcompany,domain_inferred,https://thekowcompany.com/,,,,,,,1/119,,Tech Stack: cool website | Years of Exp want: 1 of 119,,,,,thekowcompany.com,975,1,NO,,YES,Company name inferred from domain/LinkedIn/email,YES,FIND_CAREER_PAGE
C0980,Thekreativestrategies,domain_inferred,https://thekreativestrategies.com/,,,career@thekreativestrategies.com,,,,,planning,Tech Stack: https://thekreativestrategies.com/ | Specialization They Need: rafsun brother | Is Applied: planning,,,,,thekreativestrategies.com,1171,1,NO,,YES,Company name inferred from domain/LinkedIn/email,YES,FIND_CAREER_PAGE
C0057,ThemeDev,explicit,https://themedev.net/,,,,,,,,,Comment: technext.it/careers/,https://technext.it/ https://community.technext.it/?fcom_action=auth&form=register; https://technext.it,,,,themedev.net; technext.it,77; 80; 148; 149,4,YES,Multiple different explicit company names merged; Multiple corporate domains; Source review: multiple_domains; name_only_no_url_email,NO,,YES,MANUAL_REVIEW
C0330,Themencode,domain_inferred,,https://themencode.com/career/,,,,wordpress,,,,Openning: wordpress,,,,,themencode.com,436,1,NO,,YES,Company name inferred from domain/LinkedIn/email,YES,MONITOR_READY
C0138,Themeum,explicit,https://www.themeum.com/,,,,,wordpress,,,,Comment: Wordpress,,,,,themeum.com,189; 1291,2,YES,Source review: name_only_no_url_email,NO,,YES,MANUAL_REVIEW
C0011,Therapbd,domain_inferred,https://www.therapbd.com/ https://therap.hire.trakstar.com/,,,,,,,,,Location: https://therap.hire.trakstar.com/,,,,,therapbd.com,27,1,YES,Source review: multiple_domains,YES,Company name inferred from domain/LinkedIn/email,YES,MANUAL_REVIEW
C0871,Thesoftking,domain_inferred,,https://thesoftking.com/career,,,,"laravel; flutter, laravel",,,,Openning: laravel || Tech Stack: laravel flutter,,,,,thesoftking.com,1039; 1058,2,NO,,YES,Company name inferred from domain/LinkedIn/email,YES,MONITOR_READY
C0249,Thetechbrigades,domain_inferred,,https://www.thetechbrigades.com/careers/,,,rampura,,,,,Tech Stack: rampura,,,,,thetechbrigades.com,349,1,NO,,YES,Company name inferred from domain/LinkedIn/email,YES,MONITOR_READY
C0236,Thetork,domain_inferred,,https://thetork.com/career,,,"bonosree, rampura",,,,,Tech Stack: bonosree rampura,,,,,thetork.com,336,1,NO,,YES,Company name inferred from domain/LinkedIn/email,YES,MONITOR_READY
C1022,Theworld,domain_inferred,,https://www.theworld.com.bd/career,,,,,,,no opening,Openning: no opening rn,,,,,theworld.com.bd,1231,1,NO,,YES,Company name inferred from domain/LinkedIn/email,YES,MONITOR_READY
C0992,Thinkgroup,domain_inferred,,https://thinkgroup.com.bd/careers#,,,,,,,"hiring, no hiring, no hiring page",Tech Stack: no hiring page found,,,,,thinkgroup.com.bd,1193,1,NO,,YES,Company name inferred from domain/LinkedIn/email,YES,MONITOR_READY
C0912,Thinknsync,domain_inferred,https://thinknsync.com/#product,,,rumon.usuf@thinknsync.com,,,,,,Tech Stack: https://thinknsync.com/#product | Specialization They Need: Senior,,,,,thinknsync.com,1087,1,NO,,YES,Company name inferred from domain/LinkedIn/email,YES,FIND_CAREER_PAGE
C0683,Thunder Games Studio,linkedin_inferred,,,https://www.linkedin.com/company/thunder-games-studio/,,,,,1/8,,Openning: games | Specialization They Need: 1 of 8,,,,,,827,1,NO,,YES,Company name inferred from domain/LinkedIn/email; Missing company/career website,YES,ENRICH_FROM_LINKEDIN
C0780,Ticonsys,domain_inferred,https://career.ticonsys.com/ https://www.ticonsys.com/,,https://www.linkedin.com/company/ticonsys/,,,,,,,Tech Stack: try | Openning: https://www.linkedin.com/company/ticonsys/ | Location: https://www.ticonsys.com/,,,,,ticonsys.com,930,1,YES,Source review: multiple_domains,YES,Company name inferred from domain/LinkedIn/email,YES,MANUAL_REVIEW
C0039,TigerIT Bangladesh,explicit,https://www.tigerit.com/,,,,,,,,,Location: tigerit bangladesh,https://www.tigerit.com,,,,tigerit.com,55; 271,2,NO,,NO,,YES,FIND_CAREER_PAGE
C0918,Tilbd,domain_inferred,https://tilbd.net/,,,,,,,,,Is Applied: yes | Re Apply Count: 22 Jun-e | Location: ARMY,,,,,tilbd.net,1098,1,NO,,YES,Company name inferred from domain/LinkedIn/email,YES,FIND_CAREER_PAGE
C0274,Timerni,domain_inferred,,https://timerni.com/career-job,,,,,,,,,,,,,timerni.com,376,1,NO,,YES,Company name inferred from domain/LinkedIn/email,YES,MONITOR_READY
C0164,TimeTackle,explicit,https://www.timetackle.com,,,,,,,,,Comment: not backend related,https://www.timetackle.com/,,,,timetackle.com,221; 1279,2,NO,,NO,,YES,FIND_CAREER_PAGE
C0319,Tmss Ict,domain_inferred,,https://tmss-ict.com/career/,,,,,,,,,,,,,tmss-ict.com,424,1,NO,,YES,Company name inferred from domain/LinkedIn/email,YES,MONITOR_READY
C0440,Together Initiatives Limited,linkedin_inferred,,,https://www.linkedin.com/company/together-initiatives-limited/posts/?feedView=all,job@i2gether.com,,"flutter, qa",,,,Openning: flutter QA | Location: https://www.linkedin.com/company/together-initiatives-limited/posts/?feedView=all,,,,,,555,1,YES,Source review: contact_only,YES,Company name inferred from domain/LinkedIn/email; Missing company/career website,YES,MANUAL_REVIEW
C0939,Totalofftec,domain_inferred,,https://totalofftec.com/career/,,,,,,,,Is Applied: yes | Re Apply Count: 22 Jun-e,,,,,totalofftec.com,1124,1,NO,,YES,Company name inferred from domain/LinkedIn/email,YES,MONITOR_READY
C0257,Touchandsolve,domain_inferred,,https://touchandsolve.com/career,,,uttara,,,,,Openning: uttara,,,,,touchandsolve.com,357,1,NO,,YES,Company name inferred from domain/LinkedIn/email,YES,MONITOR_READY
C0561,Traideas,domain_inferred,,https://www.traideas.com/careers/,https://www.linkedin.com/company/traideas/,,,,,2/18,,Openning: n gonj | Specialization They Need: 2 out of 18 | Location: https://www.linkedin.com/company/traideas/,,,,,traideas.com,688,1,NO,,YES,Company name inferred from domain/LinkedIn/email,YES,MONITOR_READY
C0094,Trends Bird Limited,explicit,https://trendsbird.com,,,,,,,,,,,,,,trendsbird.com,125,1,NO,,NO,,YES,FIND_CAREER_PAGE
C1000,Trillionbits,domain_inferred,https://www.trillionbits.com/contact-us/,,,,,,,,"hiring, no hiring, no hiring page",Tech Stack: no hiring page found,,,,,trillionbits.com,1202,1,NO,,YES,Company name inferred from domain/LinkedIn/email,YES,FIND_CAREER_PAGE
C0239,Trimatric,email_inferred,,,,info@trimatric.com,,ai,,,,Tech Stack: AI,,,,,,339,1,YES,Source review: contact_only,YES,Company name inferred from domain/LinkedIn/email; Missing company/career website,YES,MANUAL_REVIEW
C0117,TruckLagbe,explicit,,,,,,,,,,,,,,,,155,1,YES,Source review: name_only_no_url_email,YES,Missing company/career website,YES,MANUAL_REVIEW
C0207,Trucklagbe,email_inferred,,,,career@trucklagbe.com,,,,,,,,,,,,304,1,YES,Source review: contact_only,YES,Company name inferred from domain/LinkedIn/email; Missing company/career website,YES,MANUAL_REVIEW
C0326,Trustaira,domain_inferred,,https://trustaira.com/about-us/career/,,,,"cyber; cyber, cyber security",,,,Openning: cyber || Tech Stack: cyber security,,,,,trustaira.com,432; 1028,2,NO,,YES,Company name inferred from domain/LinkedIn/email,YES,MONITOR_READY
C0433,Trustitservice,linkedin_inferred,,,https://www.linkedin.com/company/trustitservice/,,,,,,,,,,,,,547,1,NO,,YES,Company name inferred from domain/LinkedIn/email; Missing company/career website,YES,ENRICH_FROM_LINKEDIN
C0473,Tulip Tech,domain_inferred,,https://erp.tulip-tech.com/jobs,https://www.linkedin.com/company/tuliptech/,,,,,5/54,,Tech Stack: https://www.linkedin.com/company/tuliptech/ | Years of Exp want: 5 of 54,,,,,tulip-tech.com,597,1,NO,,YES,Company name inferred from domain/LinkedIn/email,YES,MONITOR_READY
C0936,Turtlesolutionsltd,domain_inferred,https://www.turtlesolutionsltd.com/,,,join@turtlesolutionsltd.com,bonosree,,,,,Tech Stack: bonosree | Openning: join@turtlesolutionsltd.com | Is Applied: yes | Re Apply Count: 22 Jun-e,,,,,turtlesolutionsltd.com,1120,1,NO,,YES,Company name inferred from domain/LinkedIn/email,YES,FIND_CAREER_PAGE
C0377,Tvlbd,domain_inferred,https://www.tvlbd.com/online-job-apply,,,,,,,,,Openning: hospital equipment,,,,,tvlbd.com,484,1,NO,,YES,Company name inferred from domain/LinkedIn/email,YES,FIND_CAREER_PAGE
C0865,Tvnlbd,domain_inferred,,https://www.tvnlbd.com/career,,,,cyber,,,,Tech Stack: cyber,,,,,tvnlbd.com,1030,1,NO,,YES,Company name inferred from domain/LinkedIn/email,YES,MONITOR_READY
C0666,Tvsl Tech Valley Solutions Ltd,linkedin_inferred,,,https://www.linkedin.com/company/tvsl-tech-valley-solutions-ltd/ https://www.linkedin.com/company/tech-valley-it-solutions-ltd-/?originalSubdomain=bd,,,,,2/39,,Specialization They Need: 2 of 39 | Location: https://www.linkedin.com/company/tech-valley-it-solutions-ltd-/?originalSubdomain=bd,,,,,,808,1,NO,,YES,Company name inferred from domain/LinkedIn/email; Missing company/career website,YES,ENRICH_FROM_LINKEDIN
C0822,Twinbit,domain_inferred,https://www.twinbit.net/,,,career.twinbit@gmail.com,,ios,,5/45,planning,"Tech Stack: cool company | Openning: data analyst, soft eng ios | Specialization They Need: soft eng ios | Years of Exp want: 5 of 45 | Is Applied: planning | Location: career.twinbit@gmail.com || Tech Stack: https://www.twinbit.net/ | Specialization They Need: cool | Is Applied: yes",,,,,twinbit.net,979; 1147,2,NO,,YES,Company name inferred from domain/LinkedIn/email,YES,FIND_CAREER_PAGE
C0338,Twinforce,domain_inferred,,https://twinforce.net/career,,,,salesforce,,,,Tech Stack: salesforce,,,,,twinforce.net,445,1,NO,,YES,Company name inferred from domain/LinkedIn/email,YES,MONITOR_READY
C0744,Twister Media Technology Ltd,linkedin_inferred,,,https://www.linkedin.com/company/twister-media-technology-ltd-/people/,,,,5.0,,,Specialization They Need: 5 emp,,,,,,889,1,NO,,YES,Company name inferred from domain/LinkedIn/email; Missing company/career website,YES,ENRICH_FROM_LINKEDIN
C0760,Tygrlabs,domain_inferred,,https://www.tygrlabs.co/career,,,,,,,hiring,Tech Stack: hiring,,,,,tygrlabs.co,905,1,NO,,YES,Company name inferred from domain/LinkedIn/email,YES,MONITOR_READY
C0229,Ubautomation,domain_inferred,https://www.ubautomation.com/,,,info@ubautomation.com,,,,,,Tech Stack: https://www.ubautomation.com/ | Openning: not good,,,,,ubautomation.com,329,1,NO,,YES,Company name inferred from domain/LinkedIn/email,YES,FIND_CAREER_PAGE
C0999,Ubs BD,domain_inferred,https://ubs-bd.com/,,,,uttara,,,,"hiring, no hiring, no hiring page",Tech Stack: no hiring page found | Openning: uttara,,,,,ubs-bd.com,1201,1,NO,,YES,Company name inferred from domain/LinkedIn/email,YES,FIND_CAREER_PAGE
C1019,Ucasbd,domain_inferred,,https://www.ucasbd.com/Home/Career,,,,,,,no opening,Openning: no opening rn,,,,,ucasbd.com,1228,1,NO,,YES,Company name inferred from domain/LinkedIn/email,YES,MONITOR_READY
C0106,UCC (United Computer Center),explicit,https://ucc-bd.com,,,,,,,,,,,,,,ucc-bd.com,139,1,NO,,NO,,YES,FIND_CAREER_PAGE
C0701,Uibarn,domain_inferred,https://uibarn.com/,,https://www.linkedin.com/company/uibarn/,,,,4.0,,,Tech Stack: https://uibarn.com/ | Specialization They Need: 4 emp,,,,,uibarn.com,845,1,NO,,YES,Company name inferred from domain/LinkedIn/email,YES,FIND_CAREER_PAGE
C0403,Ulkasemi,domain_inferred,,https://www.ulkasemi.com/career,,,,,,,,Tech Stack: semi conductor,,,,,ulkasemi.com,515,1,NO,,YES,Company name inferred from domain/LinkedIn/email,YES,MONITOR_READY
C0828,Umrlabs,domain_inferred,https://www.umrlabs.com/,,https://www.linkedin.com/company/umr-labs/,,,,3.0,,,Tech Stack: So Cool Website | Openning: 3 emp | Location: https://www.linkedin.com/company/umr-labs/,,,,,umrlabs.com,987,1,NO,,YES,Company name inferred from domain/LinkedIn/email,YES,FIND_CAREER_PAGE
C0144,Uniclient Technologies,explicit,https://uniclient.com/,,,,,,,,not loading,Comment: site is not loading,,,,,uniclient.com,195; 1261,2,YES,Source review: name_only_no_url_email,NO,,YES,MANUAL_REVIEW
C0475,Unisourcebd,domain_inferred,https://www.unisourcebd.com/,,,,,php,,,,Tech Stack: php larvel asp,,,,,unisourcebd.com,599,1,NO,,YES,Company name inferred from domain/LinkedIn/email,YES,FIND_CAREER_PAGE
C0800,Unlocklive,domain_inferred,,https://www.unlocklive.com/career,,,,,,,,Openning: hire ui ux rn | Specialization They Need: namaj er jayga ase,,,,,unlocklive.com,952,1,NO,,YES,Company name inferred from domain/LinkedIn/email,YES,MONITOR_READY
C0926,Upscalebd,domain_inferred,,https://upscalebd.com/career,,,banasree,,,,,Tech Stack: banasree | Is Applied: yes | Re Apply Count: 19 June,,,,,upscalebd.com,1110,1,NO,,YES,Company name inferred from domain/LinkedIn/email,YES,MONITOR_READY
C0340,upstra,explicit,,,,,,,,,,Tech Stack: cloud engineer,,,,,,447,1,YES,Source review: name_only_no_url_email,YES,Missing company/career website,YES,MANUAL_REVIEW
C0626,Usarion,domain_inferred,https://www.usarion.com/,,https://www.linkedin.com/company/usarionagency/,,,,,1/3,,Tech Stack: https://www.usarion.com/ | Openning: 1 of 3,,,,,usarion.com,767,1,NO,,YES,Company name inferred from domain/LinkedIn/email,YES,FIND_CAREER_PAGE
C1023,Uslbd,domain_inferred,,https://www.uslbd.com/company/careers,,,,,,,no opening,Openning: no opening rn,,,,,uslbd.com,1232,1,NO,,YES,Company name inferred from domain/LinkedIn/email,YES,MONITOR_READY
C0358,Ussbd,domain_inferred,https://www.ussbd.net/who-we-are,,,,,laravel,,,"hiring, no hiring, no hiring page",Tech Stack: no hiring page found || Tech Stack: laravel | Openning: super cool website,https://www.ussbd.net/,,,,ussbd.net,465; 1047,2,NO,,YES,Company name inferred from domain/LinkedIn/email,YES,FIND_CAREER_PAGE
C0449,Ussl,linkedin_inferred,,,https://www.linkedin.com/company/ussl/,,,,,,,Openning: may be cool,,,,,,566,1,NO,,YES,Company name inferred from domain/LinkedIn/email; Missing company/career website,YES,ENRICH_FROM_LINKEDIN
C0395,Uysys,domain_inferred,,https://www.uysys.com/career/#current-openings,,,,,,,,Openning: cool,,,,,uysys.com,504; 585,2,NO,,YES,Company name inferred from domain/LinkedIn/email,YES,MONITOR_READY
C0218,Variationbd,email_inferred,,,,career@variationbd.com,,,,,,,,,,,,318,1,YES,Source review: contact_only,YES,Company name inferred from domain/LinkedIn/email; Missing company/career website,YES,MANUAL_REVIEW
C0520,Vcubesoftandtech,linkedin_inferred,,,https://www.linkedin.com/company/vcubesoftandtech/,,,,,1/79,,Openning: 1 of 79 HR Professional,,,,,,647,1,NO,,YES,Company name inferred from domain/LinkedIn/email; Missing company/career website,YES,ENRICH_FROM_LINKEDIN
C0525,Vector360bd,domain_inferred,,https://vector360bd.com/career,,,,,,,,Tech Stack: hire business system analyst,,,,,vector360bd.com,652,1,NO,,YES,Company name inferred from domain/LinkedIn/email,YES,MONITOR_READY
C0969,Velwire,email_inferred,,,,careers@velwire.com,,,,,,Is Applied: mail address not found,,,,,,1160,1,YES,Source review: contact_only,YES,Company name inferred from domain/LinkedIn/email; Missing company/career website,YES,MANUAL_REVIEW
C0515,Vento Tech,linkedin_inferred,,,https://www.linkedin.com/company/vento-tech/,,uttara,,3.0,,,Tech Stack: uttara | Years of Exp want: 3 emp,,,,,,642,1,NO,,YES,Company name inferred from domain/LinkedIn/email; Missing company/career website,YES,ENRICH_FROM_LINKEDIN
C0878,Viserx,domain_inferred,,https://viserx.com/career,,,uttara,php,,,,Tech Stack: php .. cool salary | Openning: uttara,,,,,viserx.com,1048,1,NO,,YES,Company name inferred from domain/LinkedIn/email,YES,MONITOR_READY
C0051,Vivasoft Limited,explicit,https://vivasoftltd.com/,https://vivasoftltd.com/career/#open-position,,,,,,,,,https://vivasoftltd.com,,,,vivasoftltd.com,67; 263,2,NO,,NO,,YES,MONITOR_READY
C0662,Vu Mobile Ltd Zed Group,linkedin_inferred,,,https://www.linkedin.com/company/vu-mobile-ltd-zed-group-/,,,,,1/8,,Specialization They Need: 1 of 8,,,,,,804,1,NO,,YES,Company name inferred from domain/LinkedIn/email; Missing company/career website,YES,ENRICH_FROM_LINKEDIN
C0922,w3engineers,explicit,https://w3engineers.com/,https://w3engineers.com/career/,,jobs@w3engineers.com,,,,,must apply,Tech Stack: Js and all | Is Applied: yes | Re Apply Count: 29 Apr | Comment: must apply korte hobe | mail to: jobs@w3engineers.com | Location: Banany 11,,,,,w3engineers.com,1105,1,NO,,NO,,YES,MONITOR_READY
C0973,Wafisolutions,domain_inferred,,https://www.wafisolutions.com/career/,,,,dot net,,,,Openning: Dot net,,,,,wafisolutions.com,1164,1,NO,,YES,Company name inferred from domain/LinkedIn/email,YES,MONITOR_READY
C0007,Wazdi,domain_inferred,https://www.wazdi.com/,,,,,,,,,,,,,,wazdi.com,15,1,NO,,YES,Company name inferred from domain/LinkedIn/email,YES,FIND_CAREER_PAGE
C0737,Wearenexora,linkedin_inferred,,,https://www.linkedin.com/company/wearenexora/,,,,2.0,,,Specialization They Need: 2 emp,,,,,,881,1,NO,,YES,Company name inferred from domain/LinkedIn/email; Missing company/career website,YES,ENRICH_FROM_LINKEDIN
C0536,Webbfontaine,domain_inferred,,https://webbfontaine.com/about-us/careers,,,,,,,,"Tech Stack: network, devops, db",,,,,webbfontaine.com,663,1,NO,,YES,Company name inferred from domain/LinkedIn/email,YES,MONITOR_READY
C0150,Webdrawn,explicit,https://webdrawn.com,,,,,,,,not loading,Comment: not loading || Comment: site is not loading,https://webdrawn.com/,,,,webdrawn.com,201; 1255,2,NO,,NO,,YES,FIND_CAREER_PAGE
C0004,Webpers,explicit,https://webpers.com/,,,,,,,,,Comment: error || Comment: Issue,https://webpers.com,,,,webpers.com,12; 1259,2,NO,,NO,,YES,FIND_CAREER_PAGE
C0426,Wedevs,domain_inferred,,https://wedevs.com/career/,,,,,,,,Tech Stack: looks nice,,,,,wedevs.com,539,1,NO,,YES,Company name inferred from domain/LinkedIn/email,YES,MONITOR_READY
C0214,Welabs,email_inferred,,,,contact@welabs.dev,mirpur,,,,,Tech Stack: mirpur | Openning: not sure they are currently operating or not,,,,,,314,1,YES,Source review: contact_only,YES,Company name inferred from domain/LinkedIn/email; Missing company/career website,YES,MANUAL_REVIEW
C0032,WellDev,explicit,https://www.welldev.io/,https://www.welldev.io/careers,,,,,,,,Location: https://www.welldev.io/careers,https://www.welldev.io,,,,welldev.io,48; 245,2,NO,,NO,,YES,MONITOR_READY
C0534,Wenextlab,domain_inferred,,https://www.wenextlab.com/careers,https://www.linkedin.com/company/wenextlab,,,,62.0,,,Tech Stack: https://www.linkedin.com/company/wenextlab | Specialization They Need: 62 emp,,,,,wenextlab.com,661,1,NO,,YES,Company name inferred from domain/LinkedIn/email,YES,MONITOR_READY
C0564,Wenexus,domain_inferred,https://wenexus.io/,https://wenexus.io/pages/career#shopify-section-template--21902757855517__job_position_iEmxeD,,,,shopify,,,planning,Is Applied: planning | Re Apply Count: must | Location: https://wenexus.io/,,,,,wenexus.io,691,1,NO,,YES,Company name inferred from domain/LinkedIn/email,YES,MONITOR_READY
C0156,WEngineers Ltd,explicit,https://wengineers.com,,,,,,,,,,,,,,wengineers.com,210,1,NO,,NO,,YES,FIND_CAREER_PAGE
C0188,Werbackspace,domain_inferred,,https://werbackspace.com/career/,,,,,,,,Tech Stack: not tech related .. it content related | Specialization They Need: like yt channel business inspection bd,,,,,werbackspace.com,280,1,NO,,YES,Company name inferred from domain/LinkedIn/email,YES,MONITOR_READY
C0286,Wezapps,domain_inferred,https://www.wezapps.com/,,,,,,,,,,,,,,wezapps.com,389,1,NO,,YES,Company name inferred from domain/LinkedIn/email,YES,FIND_CAREER_PAGE
C0629,White,domain_inferred,https://white.services/,,https://www.linkedin.com/company/whiteservicestechnologies/?viewAsMember=true,,,dot net,,1/3,,Tech Stack: https://white.services/ | Openning: 1 of 3 | Specialization They Need: aiub porichito | Years of Exp want: dot net,,,,,white.services,770,1,NO,,YES,Company name inferred from domain/LinkedIn/email,YES,FIND_CAREER_PAGE
C1047,Win IT,explicit,https://winit.com.bd,,,,,,,,not loading,Comment: not loading,,,,,winit.com.bd,1294,1,NO,,NO,,YES,FIND_CAREER_PAGE
C0548,Winkytech,domain_inferred,,https://www.winkytech.com/careers,,,,,,,,,,,,,winkytech.com,675,1,NO,,YES,Company name inferred from domain/LinkedIn/email,YES,MONITOR_READY
C1024,Wintelbd,domain_inferred,,https://www.wintelbd.com/career,,,,,,,,,,,,,wintelbd.com,1233,1,NO,,YES,Company name inferred from domain/LinkedIn/email,YES,MONITOR_READY
C0826,Wiztecbd,domain_inferred,https://www.wiztecbd.com/team,,https://www.linkedin.com/company/wiztecbd/,,,,,2/21,promising,Tech Stack: looks promising | Openning: https://www.linkedin.com/company/wiztecbd/ | Years of Exp want: 2 of 21,,,,,wiztecbd.com,984,1,NO,,YES,Company name inferred from domain/LinkedIn/email,YES,FIND_CAREER_PAGE
C0022,Workspace Infotech,explicit,https://www.workspaceit.com/,https://www.workspaceit.com/career/,,hr@workspaceit.com,,,,,,Tech Stack: Workspace Infotech | mail to: hr@workspaceit.com | Location: https://www.workspaceit.com/career/,https://www.workspaceit.com,,,,workspaceit.com,38; 172,2,NO,,NO,,YES,MONITOR_READY
C0059,WPDeveloper,explicit,https://wpdeveloper.com/,,,,,,,,,,,,,,wpdeveloper.com,79; 187,2,YES,Source review: name_only_no_url_email,NO,,YES,MANUAL_REVIEW
C0861,www.beetles.io,explicit,,,,,,"cyber, cyber security",,,,Tech Stack: cyber security,,,,,,1024,1,YES,Source review: name_only_no_url_email,YES,Missing company/career website,YES,MANUAL_REVIEW
C0238,Xactidea Limited Idea Erp,linkedin_inferred,,,https://www.linkedin.com/company/xactidea-limited-idea-erp/,,,,,,,,,,,,,338,1,NO,,YES,Company name inferred from domain/LinkedIn/email; Missing company/career website,YES,ENRICH_FROM_LINKEDIN
C1018,Xceed Bangladesh Ltd,explicit,https://xceedbd.com/,https://xceedbd.com/careers,,,,,,,,Openning: may be | Specialization They Need: huge member || Comment: chottogram,,,,,xceedbd.com,1226; 1310,2,NO,,NO,,YES,MONITOR_READY
C0950,Xeonbd,domain_inferred,,https://www.xeonbd.com/about/careers/,,hr@xeonbd.com,,,,,,Openning: hr@xeonbd.com | Is Applied: yes,,,,,xeonbd.com,1135,1,NO,,YES,Company name inferred from domain/LinkedIn/email,YES,MONITOR_READY
C0687,Xeontechnology,linkedin_inferred,,,https://www.linkedin.com/company/xeontechnology/?originalSubdomain=bd,,,,,1/32,,Specialization They Need: 1 of 32,,,,,,831,1,NO,,YES,Company name inferred from domain/LinkedIn/email; Missing company/career website,YES,ENRICH_FROM_LINKEDIN
C0888,Xeroneit,domain_inferred,,https://xeroneit.net/career/,,,rajshahi,php,,,,Tech Stack: rajshahi php,,,,,xeroneit.net,1059,1,NO,,YES,Company name inferred from domain/LinkedIn/email,YES,MONITOR_READY
C0262,Xorgeek,email_inferred,,,,info@xorgeek.com,lalmatia,,,,,Tech Stack: lalmatia,,,,,,363,1,YES,Source review: contact_only,YES,Company name inferred from domain/LinkedIn/email; Missing company/career website,YES,MANUAL_REVIEW
C0139,XpeedStudio,explicit,,,,,,,,,,,,,,,,190,1,YES,Source review: name_only_no_url_email,YES,Missing company/career website,YES,MANUAL_REVIEW
C0883,Xpeedstudio,domain_inferred,https://xpeedstudio.com/contact/,,,,,wordpress,,,,Openning: wordpress,,,,,xpeedstudio.com,1053,1,NO,,YES,Company name inferred from domain/LinkedIn/email,YES,FIND_CAREER_PAGE
C0432,Xponent,domain_inferred,,https://www.xponent.com.bd/careers,,hr@xponent.com.bd,,javascript,,,hiring,Tech Stack: chatrogram | Openning: Javascript hiring | Specialization They Need: hr@xponent.com.bd,,,,,xponent.com.bd,546,1,NO,,YES,Company name inferred from domain/LinkedIn/email,YES,MONITOR_READY
C0906,Xsellencebdltd,domain_inferred,,https://www.xsellencebdltd.com/jobs,,,bonosree,,,,,Tech Stack: bonosree odo,,,,,xsellencebdltd.com,1081,1,NO,,YES,Company name inferred from domain/LinkedIn/email,YES,MONITOR_READY
C0323,Xtrecy,domain_inferred,https://xtrecy.com/,,,,,,,,,Tech Stack: just logo maker,,,,,xtrecy.com,428,1,NO,,YES,Company name inferred from domain/LinkedIn/email,YES,FIND_CAREER_PAGE
C0317,Xubisoft,domain_inferred,,https://xubisoft.com/careers,,,uttara,,,,,Tech Stack: Uttara,,,,,xubisoft.com,422,1,NO,,YES,Company name inferred from domain/LinkedIn/email,YES,MONITOR_READY
C0006,Yeamazing,domain_inferred,https://yeamazing.com/,,https://www.linkedin.com/company/yeamazing/,,,,,,,Tech Stack: https://www.linkedin.com/company/yeamazing/ | Location: e commerce,,,,,yeamazing.com,14,1,NO,,YES,Company name inferred from domain/LinkedIn/email,YES,FIND_CAREER_PAGE
C0886,Yetfix Limited,linkedin_inferred,,,https://www.linkedin.com/company/yetfix-limited/,,badda,laravel,,,,Openning: Merul Badda | Specialization They Need: laravel may be,,,,,,1056,1,NO,,YES,Company name inferred from domain/LinkedIn/email; Missing company/career website,YES,ENRICH_FROM_LINKEDIN
C0405,Yourtripmate,domain_inferred,,https://yourtripmate.com/career,,info@yourtripmate.com,,,,,,Tech Stack: info@yourtripmate.com,,,,,yourtripmate.com,517,1,NO,,YES,Company name inferred from domain/LinkedIn/email,YES,MONITOR_READY
C0740,Z IT Solutions Limited,linkedin_inferred,,,https://www.linkedin.com/company/z-it-solutions-limited/?originalSubdomain=bd,,uttara,,10.0,,,Specialization They Need: 10 emp | Years of Exp want: uttara,,,,,,885,1,NO,,YES,Company name inferred from domain/LinkedIn/email; Missing company/career website,YES,ENRICH_FROM_LINKEDIN
C0168,ZAAG Systems,explicit,https://zaagsystems.com,https://zaagsys.com/career,,,,,,3/5,,Years of Exp want: 3/5 years,https://zaagsystems.com/,,,,zaagsystems.com; zaagsys.com,229; 381,2,YES,Multiple corporate domains; Source review: multiple_domains,NO,,YES,MANUAL_REVIEW
C0752,Zaberp,linkedin_inferred,,,https://www.linkedin.com/company/zaberp/,,,,,,,,,,,,,897,1,NO,,YES,Company name inferred from domain/LinkedIn/email; Missing company/career website,YES,ENRICH_FROM_LINKEDIN
C0266,Zaimah Technologies,linkedin_inferred,,,https://www.linkedin.com/company/zaimah-technologies/jobs/,,,,,,,,,,,,,367,1,NO,,YES,Company name inferred from domain/LinkedIn/email; Missing company/career website,YES,ENRICH_FROM_LINKEDIN
C0690,Zalmitechnology,linkedin_inferred,,,https://www.linkedin.com/company/zalmitechnology/,,,,13.0,,,Specialization They Need: 13 emp,,,,,,834,1,NO,,YES,Company name inferred from domain/LinkedIn/email; Missing company/career website,YES,ENRICH_FROM_LINKEDIN
C0435,Zaman IT,email_inferred,,,,hello@zaman-it.com,uttara,,,,,Openning: uttara,,,,,,550,1,YES,Source review: contact_only,YES,Company name inferred from domain/LinkedIn/email; Missing company/career website,YES,MANUAL_REVIEW
C0830,Zanala,domain_inferred,,https://zanala.com/career/,,,,,,,,Tech Stack: cool website | Openning: market communication company,,,,,zanala.com,989,1,NO,,YES,Company name inferred from domain/LinkedIn/email,YES,MONITOR_READY
C0201,Zantrik,email_inferred,,,,support@zantrik.com,,,,,,,,,,,,298,1,YES,Source review: contact_only,YES,Company name inferred from domain/LinkedIn/email; Missing company/career website,YES,MANUAL_REVIEW
C0202,Zaynax,domain_inferred,https://zaynax.com/services/development/,,,info@zaynxgroup.com,baridhara,,,,,Tech Stack: https://zaynax.com/services/development/ | Years of Exp want: baridhara,,,,,zaynax.com,299,1,NO,,YES,Company name inferred from domain/LinkedIn/email,YES,FIND_CAREER_PAGE
C0724,Zecodeek IT,domain_inferred,https://www.zecodeek-it.com/,,https://www.linkedin.com/company/zecodeek-it-ltd/,,,,9.0,,,Tech Stack: https://www.zecodeek-it.com/ | Specialization They Need: 9 emp,,,,,zecodeek-it.com,868,1,NO,,YES,Company name inferred from domain/LinkedIn/email,YES,FIND_CAREER_PAGE
C0627,Zeeroow,domain_inferred,https://zeeroow.com/contact-us/,,https://www.linkedin.com/company/zorg-it-group/,,,,,1/13,,Tech Stack: https://zeeroow.com/contact-us/ | Openning: 1 of 13,,,,,zeeroow.com,768,1,NO,,YES,Company name inferred from domain/LinkedIn/email,YES,FIND_CAREER_PAGE
C0695,Zeppelinbd,domain_inferred,https://www.zeppelinbd.com/,,https://www.linkedin.com/company/zeppelin-limited/,,,,5.0,,,Tech Stack: https://www.zeppelinbd.com/ | Specialization They Need: 5 emp,,,,,zeppelinbd.com,839,1,NO,,YES,Company name inferred from domain/LinkedIn/email,YES,FIND_CAREER_PAGE
C0649,Zeuzai,linkedin_inferred,,,https://www.linkedin.com/company/zeuzai/,,,,,3/34,,Specialization They Need: 3 of 34,,,,,,791,1,NO,,YES,Company name inferred from domain/LinkedIn/email; Missing company/career website,YES,ENRICH_FROM_LINKEDIN
C0213,Zorgitgroup,domain_inferred,https://www.zorgitgroup.com/contact-us,,,career@zorgitgroup.com,,,,,must apply,Tech Stack: must apply | Openning: https://www.zorgitgroup.com/contact-us,,,,,zorgitgroup.com,313,1,NO,,YES,Company name inferred from domain/LinkedIn/email,YES,FIND_CAREER_PAGE
C0466,Zssolutionslimited,domain_inferred,,https://zssolutionslimited.com/career/,,,,,,,planning,Is Applied: planning,,,,,zssolutionslimited.com,590,1,NO,,YES,Company name inferred from domain/LinkedIn/email,YES,MONITOR_READY
C0339,Zunoks,domain_inferred,https://www.zunoks.com/work-with-us/,,,,,,,,,Tech Stack: consultency,,,,,zunoks.com,446,1,NO,,YES,Company name inferred from domain/LinkedIn/email,YES,FIND_CAREER_PAGE
C0650,Zylo Lab,linkedin_inferred,,,https://www.linkedin.com/company/zylo-lab/,,,,,1/8,,Specialization They Need: 1 of 8,,,,,,792,1,NO,,YES,Company name inferred from domain/LinkedIn/email; Missing company/career website,YES,ENRICH_FROM_LINKEDIN
